Picture,filename
1,100grand.jpg
2,3Musketeers.jpg
3,AirHeadsBlue.jpg
4,AirHeadsCherry.jpg
5,AirHeadsGreenApple.jpg
6,AirHeadsRedandGreen.jpg
7,AirHeadsWatermelon.jpg
8,almondjoy.jpg
9,AssortedSwedishFish.jpg
10,BabyRuth.jpg
11,bbqgoldfish.jpg
12,bdaycake_mm.jpg
13,BlowPopBlueRazz.jpg
14,BlowPopCherry.jpg
15,BlowPopSourApple.jpg
16,BlowPopWatermelon.jpg
17,bottlecaps.jpg
18,bunchacrunch.jpg
19,butterfinger_bites.jpg
20,butterfinger_cups.jpg
21,butterfinger.jpg
22,ButterfingerCrisp.jpg
23,CaramelApplePops.jpg
24,CaramelMilkyWay.jpg
25,Cheese_PeanutButterCrackers.jpg
26,CheesyDoritos.jpg
27,cheezits.jpg
28,ChewyGobstoppers.jpg
29,ChipsAhoy.jpg
30,chocolate_mm.jpg
31,ChocolateDonuts.jpg
32,ClaeysCinnamonDrops.jpg
33,ClaeysGreenAppleDrops.jpg
34,ClaeysLemonDrops.jpg
35,combos-cheddar-cracker.jpg
36,combos-jalapen݃o-.jpg
37,Crunch.jpg
38,Cupcakes.jpg
39,doritos_spicy.jpg
40,Doritosranch.jpg
41,Dots_one.jpg
42,DoveDarkChocolateBites.jpg
43,DoveMilkandPBbites.jpg
44,FamousAmos.jpg
45,frito_honeybbq.jpg
46,Fritos.jpg
47,fundip.jpg
48,Funyuns.jpg
49,Ghiradelli_milk.jpg
50,GhirardelliDarkChocolateSquares.jpg
51,giantsweettarts.jpg
52,gobstoppers.jpg
53,Goobers.jpg
54,good&plenty.jpg
55,GoodandFruity.jpg
56,grapenerds.jpg
57,heath.jpg
58,hersheys_air.jpg
59,JuniorCaramels.jpg
60,JuniorMints.jpg
61,KazoozlesGreenandRed.jpg
62,keeblerfudgestripes.jpg
63,keeblerrainbow.jpg
64,KitKat.jpg
65,Laffy-TaffySour-Apple.jpg
66,laffytaffyred.jpg
67,lays_dillpickle.jpg
68,lays_garlicbread.jpg
69,lays_sweetbbq.jpg
70,laysclassic.jpg
71,LifeSaverGummies.jpg
72,LifeSaverSourGummies.jpg
73,LindtDarkChocolate.jpg
74,LindtMilkChocolatePieces.jpg
75,lollipopred.jpg
76,marsbar.jpg
77,MentosRainbow.jpg
78,MikeandIkeZours.jpg
79,milano.jpg
80,MilkChocolateRaisinets.jpg
81,milkduds.jpg
82,MilkyWay.jpg
83,MilkyWayDarkChocolate.jpg
84,mm-minis.jpg
85,MnMMint.jpg
86,mounds_dark.jpg
87,nerds_rope.jpg
88,Nerds2.jpg
89,nowandlater.jpg
90,OhHenry!Bar.jpg
91,PayDay.jpg
92,PBTwix.jpg
93,PeanutMMs.jpg
94,PeepsChicks.jpg
95,PEZ.jpg
96,poprocks.jpg
97,PopRocksCherry.jpg
98,PopRocksGrape.jpg
99,PowderedDonuts.jpg
100,pretzel_mm.jpg
101,PringlesRed.jpg
102,pushpop.jpg
103,razzles.jpg
104,RedHots.jpg
105,reeses_fastbreak.jpg
106,reeses_pieces.jpg
107,Reeses.jpg
108,ReesesBigCup.jpg
109,RitzBitz2.jpg
110,ruffles_cheddarsourcream.jpg
111,runtscandy.jpg
112,shockers.jpg
113,skittles-darkside.jpg
114,Skittles.jpg
115,SkittlesDesserts.jpg
116,SkittlesTropical.jpg
117,SkittlesWildberry.jpg
118,slimjim.jpg
119,SmartiesGummies.jpg
120,snickers_pb.jpg
121,snickers.jpg
122,SnickersAlmond.jpg
123,SnickersDark.jpg
124,SnoBall.jpg
125,SnoCaps.jpg
126,sourgummyworms.jpg
127,Sourpatch.jpg
128,SourPunchGreen.jpg
129,SourPunchStrawberry.jpg
130,spree.jpg
131,starburst.jpg
132,StrawberryandCreamCowTails.jpg
133,SugarBabies.jpg
134,SwedishFish.jpg
135,take5.jpg
136,Toberlorone.jpg
137,TobleroneAlmond.jpg
138,Twix.jpg
139,Twizzlers.jpg
140,warheads.jpg
141,white_oreos.jpg
142,WhiteChocolateKitKatBars.jpg
143,Whoppers.jpg
144,wildberrynerds.jpg
145,WonkaBar.jpg
146,York.jpg
147,YorkPieces.jpg
