subject_id,trial,rt,choice,item_number_left,item_number_right,item_value_left,item_value_right
1,1,1.835,0,96,65,79,41
1,2,2.485,0,188,100,86,19
1,3,1.478,1,28,5,11,67
1,4,2.077,1,153,33,1,5
1,5,2.06700000000001,0,16,12,94,59
1,6,1.42,1,77,18,2,64
1,7,1.518,1,158,115,2,4
1,8,2.686,0,114,99,39,59
1,9,4.464,0,155,93,81,90
1,10,1.473,0,142,174,99,5
1,11,1.94,1,104,173,17,85
1,12,1.631,0,98,8,90,59
1,13,3.843,1,13,119,70,73
1,14,3.83800000000001,1,159,176,85,95
1,15,4.373,0,118,105,91,61
1,16,1.366,1,63,55,8,54
1,17,1.57500000000001,1,103,80,1,83
1,18,2.133,1,170,25,6,69
1,19,1.533,0,187,168,77,81
1,20,1.422,1,70,184,1,99
1,21,1.525,0,106,123,57,67
1,22,1.905,0,51,161,23,5
1,23,2.131,0,124,1,88,73
1,24,1.50100000000003,0,172,102,7,17
1,25,4.212,1,26,160,1,4
1,26,1.42,0,200,131,66,1
1,27,1.527,0,164,61,91,1
1,28,1.14499999999997,1,60,17,3,51
1,29,1.849,1,154,39,2,17
1,30,1.349,0,165,150,57,1
2,1,2.16260000015609,0,153,33,37,3
2,2,2.01745499996468,0,155,93,99,23
2,3,2.03275500005111,1,124,1,97,87
2,4,2.99943000008352,0,70,184,73,98
2,5,2.8695749999024,1,172,102,97,65
2,6,1.26274999999441,1,164,61,99,54
2,7,1.8917200001888,0,16,12,71,67
2,8,1.8370199999772,0,106,123,97,63
2,9,3.26757999998517,1,96,65,9,82
2,10,2.70020999992266,1,187,168,59,98
2,11,1.46200999990106,1,118,105,34,93
2,12,1.30859000002965,0,51,161,97,97
2,13,3.12324999994598,1,188,100,59,97
2,14,1.50965999998152,1,63,55,59,99
2,15,2.15960000013001,1,142,174,53,99
2,16,1.97765000001527,0,165,150,97,94
2,17,1.96281499997713,1,200,131,21,97
2,18,1.07544500008225,1,170,25,94,52
2,19,2.94060999993235,0,104,173,99,97
2,20,1.52783999987878,1,77,18,99,92
2,21,2.83911000005901,0,26,160,61,93
2,22,1.37197500001639,0,13,119,73,65
2,23,2.99858000013046,1,103,80,69,56
2,24,2.30600000009872,0,114,99,99,98
2,25,1.09760500001721,1,60,17,21,52
2,26,1.48898499994539,1,158,115,98,97
2,27,1.13902500015683,1,98,8,99,72
2,28,1.73719500005245,0,28,5,79,51
2,29,1.06041000015102,1,154,39,88,61
2,30,2.20029000006616,0,159,176,89,51
3,1,2.23600000000079,1,154,39,34,51
3,2,1.35559499999908,1,104,173,50,58
3,3,1.78195500000038,1,200,131,52,83
3,4,2.90355500000078,1,172,102,71,64
3,5,1.65537500000028,0,158,115,50,50
3,6,2.74402499999997,1,164,61,55,42
3,7,71.3865849999984,0,118,105,100,41
3,8,4.10557999999946,1,124,1,40,67
3,9,1.2567999999992,0,63,55,49,51
3,10,2.00259500000175,1,51,161,45,69
3,11,2.43277999999918,1,28,5,50,52
3,12,1.63615500000014,1,159,176,51,69
3,13,0.898385000000417,1,153,33,82,75
3,14,2.80784000000131,0,98,8,80,51
3,15,2.41468499999974,1,96,65,67,63
3,16,1.3028149999991,0,187,168,100,77
3,17,1.02751500000159,0,155,93,100,77
3,18,68.072830000001,0,188,100,100,71
3,19,1.23464999999851,1,170,25,39,98
3,20,1.95742500000051,1,13,119,69,84
3,21,1.67475999999803,1,142,174,60,73
3,22,1.93103500000143,1,77,18,88,55
3,23,1.45661500000278,0,16,12,46,50
3,24,1.39003500000038,1,70,184,56,100
3,25,2.91078500000003,0,26,160,41,66
3,26,1.63706499999901,0,103,80,50,37
3,27,10.8825599999982,0,106,123,74,51
3,28,1.73905000000016,0,114,99,38,43
3,29,0.933160000000498,0,165,150,71,92
3,30,1.41662499999802,1,60,17,51,93
4,1,2.84281499986537,0,118,105,29,9
4,2,1.72070499998517,1,200,131,17,90
4,3,1.43124000006355,1,63,55,42,91
4,4,1.69579500006512,0,16,12,97,97
4,5,1.85545999999158,0,103,80,76,19
4,6,5.58342000003904,1,142,174,21,11
4,7,1.57709999987856,0,104,173,86,73
4,8,2.16858500009403,1,155,93,77,19
4,9,1.45384000008926,0,70,184,52,15
4,10,2.25793500011787,0,153,33,96,42
4,11,1.5394250000827,0,51,161,75,9
4,12,1.59477999992669,0,159,176,59,16
4,13,1.04277500021271,1,124,1,14,95
4,14,1.06529999990016,1,172,102,59,89
4,15,1.80682999989949,1,158,115,59,60
4,16,0.885825000004843,0,114,99,69,90
4,17,1.20552999991924,1,188,100,27,62
4,18,1.0374999998603,1,154,39,68,68
4,19,1.46650999994017,1,60,17,75,96
4,20,2.97741500008851,0,96,65,63,35
4,21,13.480280000018,0,164,61,90,42
4,22,1.21578000020236,1,98,8,68,91
4,23,4.18173000006936,0,26,160,1,10
4,24,1.52543499995954,1,187,168,27,70
4,25,1.17262000008486,0,165,150,83,13
4,26,0.883119999896735,1,77,18,8,100
4,27,1.23928500013426,0,13,119,100,19
4,28,0.934829999925569,1,170,25,86,92
4,29,4.49473500018939,1,28,5,98,96
4,30,3.43113500019535,0,106,123,17,31
5,1,8.172,1,70,184,6,32
5,2,5.992,0,155,93,33,16
5,3,4.624,0,114,99,4,6
5,4,1.89,0,26,160,84,34
5,5,1.297,1,170,25,61,87
5,6,6.288,1,28,5,74,72
5,7,2.842,1,96,65,8,92
5,8,2.059,1,187,168,11,75
5,9,5.387,1,200,131,3,9
5,10,1.743,0,13,119,88,6
5,11,5.547,1,63,55,95,68
5,12,2.958,1,159,176,11,8
5,13,1.93,1,153,33,13,89
5,14,1.942,1,16,12,64,84
5,15,1.782,1,158,115,13,70
5,16,1.403,1,60,17,8,99
5,17,6.242,0,164,61,67,40
5,18,2.978,0,172,102,64,64
5,19,4.023,1,124,1,9,63
5,20,3.734,1,106,123,6,37
5,21,3.459,0,118,105,6,12
5,22,1.428,1,154,39,7,92
5,23,15.536,0,51,161,41,12
5,24,1.944,1,98,8,8,77
5,25,2.605,1,104,173,92,57
5,26,2.007,0,103,80,93,7
5,27,2.568,1,142,174,6,64
5,28,5.498,1,188,100,4,7
5,29,1.604,1,77,18,4,93
5,30,1.707,0,165,150,63,7
6,1,4.28524999995716,0,159,176,50,13
6,2,1.59172999998555,0,158,115,82,51
6,3,1.9170499999309,0,103,80,31,51
6,4,3.18197499995586,0,106,123,73,95
6,5,1.45956499991007,0,124,1,97,82
6,6,1.68999999994412,0,13,119,97,72
6,7,1.98892500007059,0,104,173,98,11
6,8,1.84650500002317,0,96,65,85,100
6,9,1.96278499998152,0,187,168,74,40
6,10,1.7318100000266,0,70,184,73,22
6,11,1.8126850000117,0,63,55,99,52
6,12,1.27296000008937,0,188,100,59,63
6,13,3.072610000032,0,98,8,85,96
6,14,1.38598000002094,0,26,160,99,51
6,15,2.62554999999702,0,165,150,88,85
6,16,1.93241499993019,1,172,102,62,83
6,17,2.34813999990001,0,155,93,79,59
6,18,1.50680500001181,0,60,17,98,64
6,19,1.8902099999832,0,164,61,51,50
6,20,2.00099500000942,1,51,161,51,63
6,21,2.11274500004947,0,153,33,19,23
6,22,1.67741499992553,0,170,25,96,93
6,23,1.77799500001129,1,28,5,51,99
6,24,1.95788000000175,0,200,131,74,10
6,25,2.60639000008814,1,16,12,96,100
6,26,1.37653999996837,0,154,39,97,8
6,27,1.65009999996983,0,114,99,99,51
6,28,1.59493999998085,0,142,174,99,96
6,29,2.22070000006352,0,77,18,94,98
6,30,2.12763000000268,0,118,105,88,40
7,1,4.451,0,153,33,71,66
7,2,3.191,1,60,17,52,58
7,3,1.399,0,13,119,51,56
7,4,2.118,1,51,161,41,67
7,5,2.073,1,187,168,59,64
7,6,1.914,0,155,93,57,74
7,7,2.473,1,70,184,71,66
7,8,5.203,1,63,55,57,54
7,9,1.762,0,158,115,55,11
7,10,1.879,0,106,123,58,56
7,11,3.603,1,26,160,63,72
7,12,1.727,1,77,18,65,82
7,13,4.601,0,104,173,63,67
7,14,1.744,0,118,105,60,61
7,15,1.388,1,16,12,57,71
7,16,1.647,1,154,39,57,54
7,17,1.366,0,103,80,69,70
7,18,1.376,0,114,99,70,55
7,19,1.468,0,165,150,74,56
7,20,25.357,0,96,65,57,68
7,21,1.127,0,98,8,66,44
7,22,0.977,0,200,131,69,61
7,23,1.377,1,172,102,70,89
7,24,14.439,1,124,1,56,67
7,25,16.596,1,159,176,69,54
7,26,2.317,1,170,25,70,56
7,27,1.684,0,164,61,41,52
7,28,1.104,0,142,174,76,73
7,29,1.245,0,188,100,61,73
7,30,4.767,0,28,5,64,41
8,1,1.20404499999131,0,154,39,51,1
8,2,0.94978500000434,1,172,102,38,85
8,3,2.69259499997133,0,124,1,32,17
8,4,1.15519499999937,0,170,25,45,34
8,5,0.959399999992456,1,103,80,98,100
8,6,1.40249999999651,0,200,131,50,2
8,7,0.899574999988545,0,77,18,99,2
8,8,0.972710000001825,0,153,33,48,9
8,9,0.888030000001891,1,114,99,85,67
8,10,3.04616000002716,1,28,5,1,2
8,11,0.910044999996899,1,26,160,1,41
8,12,0.878259999997681,0,60,17,99,51
8,13,2.47943499998655,1,188,100,48,45
8,14,0.90979000000516,0,70,184,99,36
8,15,1.39480000000913,0,187,168,57,29
8,16,0.953555000014603,0,142,174,90,2
8,17,0.933699999994133,1,155,93,24,77
8,18,0.796345000009751,1,165,150,39,63
8,19,1.77537000001757,0,51,161,30,46
8,20,1.3184150000161,0,96,65,97,99
8,21,1.08640500000911,0,98,8,70,30
8,22,1.24707500002114,0,16,12,5,1
8,23,1.34422999998787,1,13,119,6,52
8,24,1.15522000001511,1,164,61,15,67
8,25,1.02207000000635,1,118,105,63,74
8,26,0.938250000006519,1,158,115,2,64
8,27,0.764420000021346,0,63,55,99,31
8,28,0.91435000000638,0,104,173,83,27
8,29,1.207779999997,0,106,123,68,2
8,30,1.29488999999012,0,159,176,57,29
9,1,1.80434499999683,1,124,1,100,99
9,2,1.17459999999846,1,164,61,50,100
9,3,2.12189500000386,1,142,174,50,99
9,4,3.19789999999921,1,200,131,94,17
9,5,3.18499000000884,0,188,100,100,50
9,6,1.60440999999992,0,63,55,9,50
9,7,2.60399000000325,0,106,123,50,93
9,8,1.61333999999624,0,187,168,99,99
9,9,1.51328000001376,1,172,102,51,71
9,10,0.964394999988144,0,70,184,99,16
9,11,1.99981000000844,0,159,176,51,81
9,12,2.31407999999647,1,77,18,100,80
9,13,1.22120499999437,1,165,150,71,92
9,14,1.00254499999573,1,170,25,13,72
9,15,2.1313300000038,0,98,8,50,9
9,16,1.10224000000744,1,51,161,20,81
9,17,1.89134499999636,0,104,173,51,91
9,18,1.55950499999744,0,153,33,50,4
9,19,1.23580999999831,1,158,115,50,24
9,20,1.22543999999471,0,16,12,50,49
9,21,3.85894999999437,1,26,160,50,86
9,22,1.35481499999878,1,118,105,50,82
9,23,1.49726999999257,1,60,17,99,71
9,24,1.36563000000024,0,103,80,50,86
9,25,1.81285499999649,0,28,5,50,31
9,26,1.39115499999025,1,155,93,16,50
9,27,2.97744000000239,1,96,65,99,51
9,28,1.75249499999336,0,114,99,16,51
9,29,1.77158499999496,0,154,39,50,28
9,30,1.59627999999793,0,13,119,11,97
10,1,4.50608500000089,0,187,168,64,100
10,2,2.13688999973238,0,142,174,99,51
10,3,1.96647999994457,0,104,173,99,51
10,4,1.97485500015318,1,98,8,50,100
10,5,4.03105000033975,1,154,39,50,98
10,6,1.19309000018984,0,28,5,99,64
10,7,1.61884499993175,0,51,161,99,2
10,8,1.21483999956399,1,153,33,51,99
10,9,1.62861500028521,0,96,65,99,2
10,10,1.06296500004828,1,159,176,2,98
10,11,2.42683500051498,0,158,115,50,50
10,12,1.09754499979317,1,164,61,1,99
10,13,1.12930999975652,1,165,150,1,77
10,14,1.15969999972731,0,124,1,99,79
10,15,1.10727499984205,1,70,184,2,99
10,16,1.02784499991685,0,172,102,75,98
10,17,1.32933999970555,0,188,100,66,77
10,18,1.09353499952704,0,13,119,99,1
10,19,1.63408999983221,1,26,160,99,99
10,20,1.95524500031024,0,60,17,71,99
10,21,1.8469299999997,0,170,25,100,52
10,22,1.14453999977559,0,155,93,51,50
10,23,1.14499499928206,0,106,123,99,99
10,24,1.1769199995324,0,16,12,81,72
10,25,1.7365399999544,0,103,80,76,51
10,26,1.66813500039279,1,118,105,76,99
10,27,0.896204999648035,0,77,18,99,85
10,28,1.28334000054747,0,63,55,90,99
10,29,0.933535000309348,0,114,99,99,79
10,30,1.55266500078142,0,200,131,79,51
11,1,5.77919500006828,1,158,115,10,80
11,2,4.19853499997407,0,103,80,66,25
11,3,1.40499000006821,0,154,39,70,37
11,4,1.59560500003863,0,118,105,84,42
11,5,1.40421499998774,1,172,102,65,29
11,6,2.09752499999013,1,98,8,83,96
11,7,4.41436000005342,0,16,12,100,87
11,8,10.479079999961,0,142,174,33,61
11,9,2.05457000003662,1,165,150,62,68
11,10,3.4710699999705,1,96,65,3,60
11,11,1.55384999990929,0,51,161,85,58
11,12,1.48985499993432,0,114,99,94,20
11,13,1.51883000007365,1,70,184,5,74
11,14,1.16193500009831,0,153,33,83,59
11,15,1.45230500004254,1,187,168,22,57
11,16,1.31362499995157,1,170,25,35,65
11,17,1.41456499998458,0,155,93,83,1
11,18,2.05874000000767,1,124,1,25,89
11,19,1.40339999995194,0,77,18,79,74
11,20,1.8127000000095,0,104,173,78,62
11,21,7.97679500002414,0,26,160,74,24
11,22,1.92753500002436,0,13,119,91,57
11,23,2.34230000001844,0,28,5,59,27
11,24,8.98321999993641,0,159,176,8,2
11,25,1.46987499995157,1,164,61,36,51
11,26,1.24673000001349,0,106,123,74,24
11,27,1.29964500002097,0,60,17,86,80
11,28,3.09779000002891,1,200,131,6,37
11,29,3.14837999991141,1,63,55,57,89
11,30,1.00162500003353,1,188,100,24,75
12,1,1.98060500016436,0,114,99,51,28
12,2,1.34327500010841,1,170,25,28,66
12,3,3.51526000001468,0,118,105,70,43
12,4,2.81017499999143,0,63,55,51,50
12,5,3.09391499985941,1,98,8,65,63
12,6,4.10071500018239,0,104,173,27,29
12,7,0.897684999974445,1,60,17,24,96
12,8,1.01387499994598,1,70,184,4,51
12,9,1.57477000006475,0,103,80,50,26
12,10,1.3490349999629,0,165,150,99,20
12,11,1.53239000006579,0,51,161,51,23
12,12,1.17417999985628,1,172,102,2,50
12,13,4.91292000003159,0,154,39,35,51
12,14,1.39002500008792,1,96,65,29,49
12,15,4.63483499991708,1,164,61,50,75
12,16,3.45896000019275,1,16,12,51,73
12,17,2.79306999989785,1,158,115,39,83
12,18,1.04732499993406,0,124,1,65,50
12,19,10.3507649998646,0,187,168,99,53
12,20,3.02151499991305,0,159,176,79,2
12,21,1.23236500006169,0,188,100,100,19
12,22,1.45460000005551,1,26,160,10,32
12,23,1.26230999990366,0,155,93,63,19
12,24,2.1281799999997,0,28,5,2,2
12,25,1.70393500011414,0,200,131,35,1
12,26,1.644020000007,0,153,33,51,36
12,27,1.97918000002392,1,13,119,50,31
12,28,1.56071499991231,1,142,174,28,79
12,29,3.15625,1,106,123,49,32
12,30,1.90201999992132,0,77,18,29,49
13,1,4.4185099999886,0,114,99,30,29
13,2,1.29090500017628,0,28,5,57,21
13,3,1.50350000010803,0,77,18,100,70
13,4,1.94314499991015,0,98,8,84,1
13,5,1.49188499990851,1,153,33,2,52
13,6,2.09465000010096,0,165,150,100,79
13,7,1.60195000004023,0,63,55,51,2
13,8,3.52236499986611,1,16,12,1,1
13,9,1.47257500002161,0,188,100,65,36
13,10,4.22643000003882,1,51,161,49,33
13,11,1.41018999996595,0,158,115,17,1
13,12,2.46580999996513,0,170,25,57,23
13,13,1.30441500013694,0,106,123,63,2
13,14,2.18064999999478,0,142,174,74,35
13,15,1.27483000000939,1,154,39,25,22
13,16,1.1941250001546,1,26,160,2,91
13,17,1.07536999997683,0,124,1,100,26
13,18,1.49131499999203,1,187,168,51,99
13,19,3.9445499998983,1,96,65,23,40
13,20,4.16601499984972,1,164,61,54,68
13,21,1.9865099999588,0,200,131,60,63
13,22,1.68041000002995,1,70,184,65,80
13,23,2.06411499995738,1,172,102,16,40
13,24,1.6871800001245,1,13,119,19,50
13,25,1.74041999992914,1,103,80,42,62
13,26,1.23027000017464,0,118,105,100,2
13,27,1.43344499985687,0,60,17,50,37
13,28,1.45260499999858,0,155,93,72,29
13,29,1.47759500006214,0,104,173,49,70
13,30,1.33282500016503,0,159,176,28,1
14,1,7.9692950000026,1,200,131,49,27
14,2,1.29099999999744,0,118,105,50,24
14,3,1.87418500000786,1,16,12,76,89
14,4,1.87006500001007,0,70,184,21,74
14,5,6.58774499999708,0,96,65,95,84
14,6,1.7046149999951,0,103,80,62,33
14,7,1.34546000001137,0,28,5,91,100
14,8,1.97574499998882,0,114,99,45,68
14,9,8.96731500000169,1,158,115,72,65
14,10,1.20380499999737,1,154,39,39,98
14,11,1.12732500000857,1,77,18,37,74
14,12,2.4386599999998,1,187,168,82,67
14,13,1.41275000000314,0,172,102,100,68
14,14,2.41165500000352,0,164,61,84,28
14,15,1.36303000000771,1,60,17,65,97
14,16,2.01041000000259,0,13,119,96,71
14,17,4.77975000000151,1,124,1,83,100
14,18,2.6351399999985,0,159,176,49,24
14,19,2.9595399999962,0,51,161,38,18
14,20,1.32865999999922,1,170,25,7,99
14,21,1.2759950000036,1,153,33,25,48
14,22,3.55339499999536,0,104,173,39,37
14,23,1.51762499999313,1,142,174,29,71
14,24,1.51054499999736,0,165,150,64,35
14,25,1.26822499999253,0,106,123,62,63
14,26,6.58570500000496,1,188,100,69,68
14,27,2.53978000000643,0,26,160,74,30
14,28,1.51781499999925,1,98,8,57,98
14,29,1.91456499999913,1,63,55,52,96
14,30,5.53025500000513,0,155,93,64,38
15,1,2.11,1,26,160,33,62
15,2,1.481,1,13,119,22,25
15,3,1.913,1,124,1,21,38
15,4,1.25,1,16,12,48,60
15,5,1.499,1,104,173,29,54
15,6,1.583,0,155,93,27,32
15,7,1.326,1,103,80,26,10
15,8,3.822,0,106,123,49,25
15,9,1.046,0,153,33,38,8
15,10,1.159,0,154,39,25,20
15,11,1.417,1,60,17,7,59
15,12,3.548,0,165,150,37,32
15,13,2.445,0,170,25,69,39
15,14,6.01,1,63,55,15,33
15,15,3.888,0,164,61,37,23
15,16,1.124,1,187,168,28,56
15,17,1.424,0,28,5,36,32
15,18,1.403,0,159,176,38,20
15,19,1.702,0,200,131,32,41
15,20,2.069,1,96,65,6,20
15,21,3.246,1,77,18,45,59
15,22,1.473,0,114,99,30,33
15,23,1.195,0,172,102,28,27
15,24,1.152,1,51,161,8,54
15,25,3.41,0,158,115,35,28
15,26,1.557,0,98,8,78,48
15,27,2.656,0,142,174,62,51
15,28,1.479,1,118,105,63,68
15,29,2.782,1,70,184,18,61
15,30,1.6,0,188,100,34,32
16,1,3.54194999998435,0,63,55,96,50
16,2,4.48739499994554,0,51,161,89,15
16,3,3.42302999994718,1,28,5,57,93
16,4,5.97297000000253,1,98,8,18,82
16,5,2.15880000009201,0,60,17,91,83
16,6,2.39026000001468,0,153,33,13,29
16,7,2.09239999996498,0,103,80,26,19
16,8,7.54405499994755,1,200,131,6,46
16,9,3.48296499997377,1,164,61,10,91
16,10,2.81458500004373,1,96,65,95,99
16,11,4.6882199998945,1,114,99,14,40
16,12,2.30059499992058,0,142,174,37,13
16,13,3.79457499994896,0,187,168,12,9
16,14,2.36917500011623,1,188,100,13,44
16,15,3.6631149998866,0,77,18,61,100
16,16,2.03253500000574,1,158,115,11,64
16,17,2.85219999984838,0,13,119,97,9
16,18,2.182504999917,0,170,25,18,61
16,19,2.03670999989845,0,106,123,41,8
16,20,4.73319500009529,0,26,160,58,6
16,21,7.53304500016384,1,172,102,15,46
16,22,4.33636000007391,1,155,93,16,66
16,23,1.85339999990538,1,124,1,7,86
16,24,2.60493999999017,1,118,105,19,76
16,25,4.10881999996491,1,165,150,19,10
16,26,4.52128999982961,0,104,173,22,7
16,27,11.2200700000394,0,154,39,14,51
16,28,21.0976799998898,0,159,176,13,2
16,29,1.73451999993995,0,70,184,52,23
16,30,6.09621499991044,1,16,12,99,90
17,1,2.70921000000089,1,142,174,82,99
17,2,2.35611499997322,0,200,131,84,10
17,3,4.44592500000726,0,103,80,17,21
17,4,2.11832499998854,1,158,115,69,99
17,5,2.78491500002565,1,16,12,51,51
17,6,2.33676999999443,0,118,105,91,88
17,7,1.86047000001417,1,70,184,48,99
17,8,2.35379999998258,1,155,93,50,69
17,9,1.80848499998683,0,28,5,50,10
17,10,1.66485000000102,1,13,119,50,99
17,11,1.4512649999815,0,98,8,99,50
17,12,1.67281999997795,1,106,123,50,100
17,13,2.15846999996575,1,114,99,2,50
17,14,2.43669000000227,1,187,168,99,99
17,15,2.29378999996698,0,188,100,100,8
17,16,2.80866999999853,0,165,150,100,100
17,17,1.6414550000336,1,51,161,51,99
17,18,1.76107499998761,1,63,55,15,71
17,19,5.00111499999184,0,77,18,51,1
17,20,2.15596499998355,1,104,173,6,99
17,21,1.52924000000348,1,159,176,87,100
17,22,1.65856499999063,0,164,61,99,22
17,23,1.82698999997228,0,124,1,75,1
17,24,1.64326500002062,0,96,65,99,16
17,25,3.1492450000369,0,153,33,50,9
17,26,2.2202549999929,0,60,17,20,15
17,27,1.55720999999903,0,172,102,100,68
17,28,2.004654999997,0,154,39,32,1
17,29,1.55515500000911,1,26,160,2,99
17,30,1.54765000002226,0,170,25,39,7
18,1,1.96620000014082,1,172,102,18,54
18,2,2.72159999981523,1,164,61,18,45
18,3,1.62143500009552,0,13,119,89,12
18,4,2.24650500016287,0,96,65,8,11
18,5,2.48219999996945,0,70,184,12,40
18,6,1.88462999998592,1,155,93,27,36
18,7,1.26508999988437,0,114,99,56,13
18,8,3.58201999985613,0,77,18,19,66
18,9,3.50530499988236,0,16,12,77,58
18,10,1.73293499997817,0,103,80,30,20
18,11,2.33536999998614,0,106,123,59,39
18,12,2.88666999991983,0,153,33,9,5
18,13,1.89387500006706,0,154,39,2,41
18,14,2.91194500005804,1,26,160,10,6
18,15,2.2283649998717,0,60,17,9,62
18,16,1.33226999989711,1,170,25,5,60
18,17,1.32187499990687,1,158,115,23,8
18,18,1.86875500017777,0,142,174,20,15
18,19,1.98412499995902,0,118,105,42,33
18,20,1.80979999992996,0,51,161,43,11
18,21,1.81957000005059,1,188,100,43,11
18,22,1.03812500019558,0,63,55,9,34
18,23,1.41690499987453,0,187,168,19,29
18,24,1.10718000004999,1,98,8,17,66
18,25,1.2250800000038,1,200,131,16,40
18,26,2.06667999993078,0,104,173,12,20
18,27,1.45693499990739,0,28,5,66,59
18,28,2.15963999996893,1,165,150,38,27
18,29,1.80059000011533,0,159,176,6,16
18,30,1.90819500014186,1,124,1,56,82
19,1,5.22955499996897,1,51,161,58,72
19,2,1.47243500000332,1,77,18,50,90
19,3,1.81194499996491,0,155,93,83,62
19,4,1.20814999996219,0,164,61,98,59
19,5,1.42438500002027,1,104,173,65,61
19,6,2.16997000004631,1,200,131,42,55
19,7,2.0664800000377,1,16,12,88,89
19,8,1.9355800000485,0,96,65,74,71
19,9,1.18382000003476,1,63,55,58,68
19,10,2.23686499998439,0,13,119,91,97
19,11,1.26211500004865,0,153,33,75,31
19,12,1.4172649999382,0,172,102,98,43
19,13,1.73374000005424,0,158,115,40,63
19,14,2.42277000006288,0,165,150,94,49
19,15,1.04055000003427,0,170,25,91,87
19,16,2.63477000000421,1,159,176,73,67
19,17,2.28669999993872,0,154,39,58,51
19,18,1.84823000000324,1,98,8,73,75
19,19,1.36873999994714,1,124,1,98,79
19,20,1.32884500001092,1,106,123,39,99
19,21,1.70370999991428,1,187,168,80,97
19,22,1.61922499991488,1,142,174,65,90
19,23,1.86003500001971,0,26,160,64,63
19,24,2.83649499993771,1,103,80,81,52
19,25,2.64631499990355,0,188,100,64,84
19,26,1.43529000005219,1,70,184,26,97
19,27,1.89605500001926,1,114,99,31,67
19,28,1.07124499999918,1,60,17,56,89
19,29,4.18313999997918,1,118,105,62,56
19,30,1.21886000002269,0,28,5,96,81
20,1,1.36376500000199,1,26,160,1,27
20,2,85.3207350000013,0,106,123,100,1
20,3,16.915280000001,0,172,102,53,30
20,4,0.740995000000112,1,142,174,33,41
20,5,0.97007500000461,0,70,184,100,50
20,6,0.853604999996489,1,164,61,57,62
20,7,1.0968900000006,0,16,12,100,74
20,8,1.15355500000447,1,104,173,25,50
20,9,1.5367200000037,1,51,161,69,50
20,10,1.00915000000538,0,60,17,88,50
20,11,3.5891249999986,1,103,80,26,27
20,12,1.5567799999991,1,28,5,100,67
20,13,140.595735000003,0,187,168,100,50
20,14,1.30513000000082,1,159,176,26,80
20,15,1.34196499999962,1,118,105,100,100
20,16,0.869639999997336,1,170,25,50,50
20,17,0.935620000003837,0,155,93,100,16
20,18,2.29835000000475,1,153,33,62,50
20,19,61.3140950000016,1,96,65,17,74
20,20,0.97415000000177,0,13,119,100,31
20,21,1.27311999999825,0,114,99,100,100
20,22,0.752724999998696,0,188,100,100,100
20,23,2.79734500000626,0,165,150,37,18
20,24,0.900540000002366,0,63,55,100,35
20,25,0.825390000005718,1,154,39,42,50
20,26,2.52583500000043,0,200,131,50,50
20,27,0.886555000004359,1,98,8,100,100
20,28,1.53798500000266,0,158,115,50,33
20,29,529.800569999999,1,77,18,86,100
20,30,0.754400000005495,1,124,1,27,67
21,1,3.7223300000187,1,114,99,23,92
21,2,5.13976499997079,0,159,176,24,63
21,3,2.62398500001291,0,188,100,90,76
21,4,1.62513000000035,0,13,119,98,38
21,5,1.5834100000211,1,154,39,49,90
21,6,3.85466999997152,1,153,33,78,98
21,7,2.50224499998149,0,77,18,65,67
21,8,1.4966649999842,0,106,123,79,11
21,9,1.19147499999963,0,96,65,97,12
21,10,3.94375000003492,1,26,160,19,10
21,11,1.96722500002943,0,63,55,9,67
21,12,1.36782000004314,0,142,174,87,72
21,13,3.19410999998217,1,98,8,85,51
21,14,3.21915999997873,1,158,115,49,63
21,15,4.08116000000155,0,104,173,64,82
21,16,6.7609850000008,0,155,93,67,99
21,17,1.92405500001041,1,118,105,97,98
21,18,1.87121500005014,0,200,131,12,4
21,19,1.36423499998637,0,70,184,96,29
21,20,1.62197500001639,0,164,61,73,8
21,21,5.08141500002239,1,28,5,66,64
21,22,1.85747499996796,1,124,1,34,31
21,23,1.83712500002002,0,16,12,86,64
21,24,1.12118499999633,0,172,102,80,84
21,25,1.4254700000165,1,103,80,82,96
21,26,2.0479499999783,1,187,168,64,84
21,27,3.52732500003185,1,165,150,96,91
21,28,1.81846499996027,1,170,25,49,91
21,29,1.18319999997038,1,60,17,7,83
21,30,2.2052599999588,1,51,161,61,22
22,1,2.773,1,28,5,82,92
22,2,1.423,1,103,80,76,58
22,3,2.119,0,51,161,89,46
22,4,1.734,1,200,131,55,65
22,5,1.469,1,118,105,56,69
22,6,1.575,0,158,115,77,14
22,7,2.922,0,70,184,54,36
22,8,1.643,0,155,93,67,55
22,9,2.116,1,142,174,51,64
22,10,1.521,0,165,150,59,61
22,11,1.648,1,153,33,42,45
22,12,1.683,0,114,99,86,51
22,13,1.764,0,16,12,100,96
22,14,1.629,1,98,8,59,99
22,15,1.482,1,60,17,55,92
22,16,2.807,0,187,168,63,57
22,17,3.437,1,124,1,56,81
22,18,1.499,1,170,25,75,97
22,19,4.809,1,13,119,77,55
22,20,2.309,0,159,176,50,73
22,21,1.448,1,77,18,64,87
22,22,2.488,1,63,55,56,84
22,23,1.258,1,154,39,55,98
22,24,1.709,0,164,61,51,49
22,25,2.192,1,104,173,52,52
22,26,1.845,1,106,123,45,59
22,27,1.126,0,26,160,99,42
22,28,1.504,0,96,65,69,55
22,29,1.755,0,188,100,78,45
22,30,1.695,0,172,102,70,76
23,1,6.34652999999525,0,28,5,36,10
23,2,2.63301499999943,0,153,33,45,2
23,3,1.58749499999976,0,172,102,99,29
23,4,3.89832999999635,0,158,115,50,35
23,5,2.93537999999535,0,51,161,72,70
23,6,2.19572000000335,1,187,168,99,98
23,7,2.6730499999976,0,159,176,51,72
23,8,6.10807499999646,1,155,93,66,63
23,9,2.76735999999801,1,26,160,20,52
23,10,3.42803500000446,0,103,80,29,25
23,11,2.65261999999348,0,16,12,32,27
23,12,2.02048500000092,1,154,39,68,58
23,13,3.47218499999144,0,106,123,98,54
23,14,1.53967499999271,0,98,8,99,31
23,15,2.62593000000925,1,170,25,36,52
23,16,2.38934499998868,0,200,131,50,19
23,17,2.2237349999923,0,60,17,50,32
23,18,1.24951999999757,0,165,150,100,50
23,19,1.79947500000708,1,63,55,52,62
23,20,1.5300900000002,1,13,119,54,76
23,21,2.1212899999955,0,96,65,72,50
23,22,2.29057500000636,1,104,173,28,71
23,23,1.6622950000019,0,114,99,74,78
23,24,2.51978000000236,0,77,18,68,30
23,25,1.80345500000112,0,164,61,79,53
23,26,1.44705499999691,0,124,1,51,30
23,27,1.43631999999343,0,188,100,88,91
23,28,1.7242499999993,1,70,184,9,80
23,29,1.66310999999405,0,142,174,73,77
23,30,1.84984000000986,0,118,105,99,75
24,1,4.21532999999181,1,77,18,57,60
24,2,1.57615999999689,1,155,93,29,59
24,3,1.76130500000727,0,172,102,16,32
24,4,0.870119999992312,1,188,100,45,77
24,5,1.71945000000414,0,158,115,27,36
24,6,1.538195000001,1,13,119,42,35
24,7,1.77781999998842,0,118,105,59,37
24,8,1.36604500000249,1,142,174,5,8
24,9,0.979595000011614,1,159,176,7,33
24,10,1.51045000000158,0,164,61,59,23
24,11,0.9668599999859,0,98,8,65,19
24,12,2.40855000000738,1,153,33,39,99
24,13,1.45509500001208,1,51,161,55,14
24,14,0.861634999993839,1,187,168,46,34
24,15,1.52272000000812,0,154,39,11,49
24,16,2.03053000000364,1,200,131,12,32
24,17,1.17444000000251,1,104,173,69,54
24,18,1.00831000000471,1,26,160,16,61
24,19,0.965640000009444,0,114,99,19,63
24,20,1.72439999999187,1,16,12,39,29
24,21,1.44651999999769,1,165,150,19,21
24,22,0.868379999999888,0,124,1,57,33
24,23,0.977400000003399,1,28,5,23,16
24,24,1.03291500000341,1,60,17,38,61
24,25,0.925065000003087,1,170,25,30,50
24,26,1.19245500001125,0,106,123,59,41
24,27,1.09459499998775,1,63,55,44,90
24,28,1.3040800000017,0,96,65,16,52
24,29,1.71315500000492,0,70,184,70,58
24,30,1.10222000000067,1,103,80,68,58
25,1,1.584,1,142,174,46,61
25,2,2.643,1,172,102,50,60
25,3,1.825,0,159,176,50,51
25,4,5.247,1,28,5,100,100
25,5,1.328,0,96,65,71,73
25,6,1.759,1,170,25,30,58
25,7,4.321,1,158,115,50,39
25,8,1.713,0,13,119,87,68
25,9,1.061,0,106,123,100,72
25,10,1.53,0,77,18,100,86
25,11,1.184,0,51,161,100,63
25,12,1.915,0,200,131,50,40
25,13,1.322,1,60,17,50,90
25,14,1.322,1,165,150,50,50
25,15,2.344,0,124,1,65,77
25,16,1.237,1,154,39,35,90
25,17,2.607,1,114,99,68,100
25,18,1.43,1,70,184,77,76
25,19,1.726,0,26,160,80,62
25,20,1.923,1,16,12,100,100
25,21,2.288,1,153,33,50,50
25,22,1.102,1,103,80,50,89
25,23,1.015,0,98,8,100,100
25,24,1.558,1,63,55,83,100
25,25,2.258,1,155,93,61,67
25,26,1.804,0,187,168,50,51
25,27,1.311,0,164,61,62,76
25,28,1.081,1,188,100,50,100
25,29,1.168,0,118,105,100,50
25,30,2.195,0,104,173,64,51
26,1,5.419,0,118,105,75,85
26,2,2.014,0,165,150,76,73
26,3,9.843,1,155,93,71,99
26,4,15.599,0,13,119,85,74
26,5,2.499,1,103,80,37,74
26,6,1.517,1,170,25,63,73
26,7,1.707,1,114,99,74,78
26,8,2.474,0,200,131,65,75
26,9,8.765,1,51,161,77,59
26,10,3.318,0,26,160,79,64
26,11,3.819,0,104,173,49,68
26,12,2.213,0,70,184,56,58
26,13,2.196,0,96,65,94,72
26,14,1.705,0,159,176,51,70
26,15,14.123,0,63,55,88,72
26,16,20.158,0,172,102,70,53
26,17,11.932,0,28,5,59,77
26,18,2.415,1,142,174,63,74
26,19,1.193,1,124,1,71,91
26,20,7.254,1,188,100,79,77
26,21,1.744,1,154,39,72,69
26,22,8.82,0,106,123,75,66
26,23,1.411,1,98,8,88,77
26,24,1.292,1,158,115,52,73
26,25,1.385,0,187,168,84,76
26,26,1.287,0,60,17,100,87
26,27,1.947,1,77,18,81,78
26,28,0.997,1,16,12,80,93
26,29,15.621,0,164,61,64,54
26,30,1.046,1,153,33,55,58
27,1,7.583,0,26,160,2,49
27,2,2.962,0,60,17,2,1
27,3,2.647,1,63,55,32,100
27,4,1.956,0,164,61,77,35
27,5,3.007,0,28,5,75,88
27,6,1.71800000000001,0,172,102,99,50
27,7,1.942,1,104,173,49,100
27,8,1.856,1,155,93,67,75
27,9,2.487,0,13,119,99,99
27,10,1.714,1,142,174,50,99
27,11,1.943,0,170,25,63,2
27,12,1.54500000000001,1,103,80,36,93
27,13,1.384,0,188,100,100,33
27,14,2.461,1,16,12,66,90
27,15,2.47400000000003,0,187,168,100,100
27,16,1.671,1,77,18,51,65
27,17,1.97100000000003,1,118,105,7,41
27,18,1.627,0,96,65,72,60
27,19,1.43900000000003,0,154,39,94,2
27,20,1.533,1,98,8,38,99
27,21,1.425,0,200,131,100,13
27,22,2.566,0,158,115,2,20
27,23,1.739,0,114,99,24,37
27,24,1.365,0,153,33,49,1
27,25,1.36,1,106,123,9,69
27,26,1.145,1,124,1,45,95
27,27,1.576,0,165,150,99,59
27,28,1.692,1,159,176,66,3
27,29,1.121,1,51,161,72,99
27,30,1.505,0,70,184,83,49
28,1,4.6164399998961,0,158,115,100,2
28,2,1.37208000000101,0,170,25,99,24
28,3,4.10015000007115,1,98,8,76,100
28,4,1.88363000005484,1,159,176,85,99
28,5,3.2982750000665,0,164,61,51,2
28,6,1.13880000007339,0,153,33,99,1
28,7,2.20781000005081,0,200,131,99,19
28,8,3.73554999998305,0,106,123,100,60
28,9,1.15945500007365,0,172,102,99,34
28,10,1.65681000007316,1,154,39,75,76
28,11,1.43268500000704,0,124,1,100,23
28,12,1.8150499999756,1,118,105,77,100
28,13,2.60174499999266,0,63,55,1,1
28,14,1.35156500001904,0,16,12,79,80
28,15,1.5660800000187,0,165,150,99,76
28,16,1.24851999990642,0,13,119,68,98
28,17,1.67286499997135,1,26,160,2,99
28,18,1.60534000000916,0,155,93,100,99
28,19,1.01583000004757,1,142,174,69,100
28,20,1.09611500008032,1,104,173,1,100
28,21,2.00669000006747,1,28,5,50,99
28,22,1.64799999992829,0,114,99,100,2
28,23,2.41844999999739,0,96,65,50,1
28,24,1.0793550000526,1,70,184,24,98
28,25,2.14661500009242,0,60,17,80,22
28,26,2.40301000000909,1,51,161,2,100
28,27,1.47993999999017,0,77,18,100,71
28,28,1.22207499993965,1,187,168,72,99
28,29,1.12301500001922,1,103,80,2,98
28,30,1.23213000001851,0,188,100,60,98
29,1,3.09294499999669,0,118,105,91,69
29,2,3.97123500000453,0,51,161,54,53
29,3,5.67906000000221,0,28,5,25,11
29,4,1.80962500000169,1,154,39,50,55
29,5,2.74773000000278,1,60,17,61,74
29,6,2.30157499999768,1,153,33,33,52
29,7,2.25578999999561,0,155,93,70,57
29,8,3.35917999999947,1,16,12,54,17
29,9,5.06581500000175,0,188,100,89,87
29,10,1.58938499999931,0,77,18,99,50
29,11,1.69900999999663,1,200,131,78,79
29,12,1.74221999999281,1,104,173,46,54
29,13,2.37310499999876,0,158,115,46,21
29,14,1.46590999999898,0,114,99,83,70
29,15,1.93480000000272,1,187,168,90,98
29,16,1.20930499999668,1,63,55,41,52
29,17,1.2826950000017,1,13,119,29,99
29,18,2.46626499999547,1,170,25,55,68
29,19,1.62174999999843,0,70,184,89,49
29,20,4.15582999999606,0,106,123,99,55
29,21,2.16316999999981,0,98,8,94,19
29,22,1.93130499999825,0,159,176,63,40
29,23,2.02436000000307,1,103,80,51,62
29,24,1.48444000000018,0,164,61,75,50
29,25,1.19008000000031,0,165,150,97,57
29,26,1.84464999999909,0,124,1,65,35
29,27,1.46846000000369,0,26,160,98,47
29,28,2.84766999999556,0,172,102,93,62
29,29,1.73301000000356,1,142,174,29,91
29,30,4.33332000000519,0,96,65,58,52
30,1,2.04127499999595,0,106,123,56,52
30,2,1.07730500001344,1,118,105,19,61
30,3,1.17733500001486,0,28,5,91,50
30,4,0.91300499998033,1,98,8,26,92
30,5,1.72880499999155,1,200,131,17,12
30,6,1.09176999999909,0,70,184,24,18
30,7,0.899444999988191,1,170,25,28,2
30,8,1.10056500000064,1,63,55,30,71
30,9,1.00640500002191,0,96,65,91,50
30,10,0.982770000002347,1,154,39,28,91
30,11,1.26223999998183,1,158,115,22,5
30,12,0.880254999996396,0,13,119,97,26
30,13,1.03197499999078,1,103,80,26,50
30,14,1.28621500000008,0,16,12,94,82
30,15,1.48881999999867,1,142,174,12,33
30,16,1.41295000002719,0,165,150,9,22
30,17,1.38615499998559,0,187,168,33,23
30,18,1.19881499998155,0,60,17,86,2
30,19,0.958350000000792,1,188,100,36,34
30,20,1.67850000000908,0,104,173,10,22
30,21,1.12951999998768,0,172,102,31,23
30,22,0.751665000017965,0,26,160,93,8
30,23,1.46205999999074,1,155,93,28,76
30,24,0.767814999999246,1,77,18,67,97
30,25,0.961460000020452,1,159,176,15,66
30,26,0.718395000003511,1,124,1,29,84
30,27,0.842644999996992,1,153,33,17,54
30,28,1.26714000001084,1,164,61,29,24
30,29,1.14525999999023,0,51,161,63,7
30,30,0.928309999988414,1,114,99,20,26
31,1,2.84988999998313,0,153,33,48,5
31,2,2.09751999998116,1,51,161,34,63
31,3,3.24810500000603,0,16,12,22,28
31,4,2.11449999999604,0,118,105,88,38
31,5,2.35328500001924,0,124,1,90,43
31,6,3.37500500000897,0,164,61,33,48
31,7,1.94297500001267,1,114,99,47,76
31,8,3.55056000000332,1,154,39,44,48
31,9,1.47069499999634,0,103,80,52,40
31,10,2.27181999999448,1,106,123,58,86
31,11,1.27433999997447,1,172,102,55,62
31,12,1.43778499998734,0,98,8,69,16
31,13,6.49066999999923,1,170,25,32,29
31,14,6.20809500000905,0,63,55,50,7
31,15,2.54511999999522,1,165,150,66,50
31,16,2.53223499999149,0,158,115,55,55
31,17,1.25533000001451,1,70,184,51,54
31,18,4.20747000002302,1,28,5,24,27
31,19,1.45728999999119,0,155,93,13,25
31,20,1.12217000001692,1,26,160,17,45
31,21,1.74051000000327,1,96,65,45,50
31,22,1.68513500000699,0,187,168,72,55
31,23,2.01601500000106,0,77,18,65,52
31,24,4.33441999999923,0,159,176,87,41
31,25,1.46619499998633,1,13,119,6,46
31,26,1.80766500000027,1,142,174,54,74
31,27,1.5853150000039,0,200,131,42,70
31,28,2.02710500001558,1,60,17,17,42
31,29,1.45411999998032,0,104,173,54,34
31,30,1.96442499998375,0,188,100,63,89
32,1,2.9119349999819,1,51,161,52,50
32,2,1.57805999997072,0,104,173,50,51
32,3,1.28713000006974,0,155,93,64,50
32,4,1.64590500015765,1,165,150,44,64
32,5,1.12480500014499,1,77,18,11,90
32,6,1.90523000014946,0,142,174,49,50
32,7,1.52266000001691,0,188,100,50,33
32,8,2.21331000002101,1,118,105,37,41
32,9,1.65101000014693,0,200,131,52,50
32,10,3.11174000008032,0,60,17,36,64
32,11,1.62618499994278,0,16,12,100,50
32,12,1.58998000016436,0,28,5,93,54
32,13,1.30794500000775,0,154,39,5,2
32,14,1.46623000013642,0,63,55,45,2
32,15,2.12935000006109,1,159,176,43,38
32,16,1.5806899999734,0,158,115,41,50
32,17,1.23768000002019,1,70,184,1,68
32,18,1.89157500001602,1,153,33,1,36
32,19,1.67161499988288,0,124,1,26,50
32,20,1.28884500009008,0,114,99,85,20
32,21,1.19100499991328,0,172,102,93,61
32,22,1.1731050000526,0,13,119,74,15
32,23,3.24929499998689,1,187,168,50,45
32,24,1.00268500018865,1,170,25,26,58
32,25,1.5319699998945,1,98,8,44,99
32,26,3.39394999993965,0,103,80,43,16
32,27,1.43696000007913,0,106,123,50,15
32,28,1.60540500003844,0,164,61,30,32
32,29,1.68772000004537,0,96,65,74,43
32,30,1.85339000006206,0,26,160,83,46
33,1,198.468470000022,1,153,33,2,26
33,2,1.22418000001926,1,98,8,44,83
33,3,2.24426500004483,0,106,123,80,25
33,4,1.75509499997133,1,187,168,57,18
33,5,2.3610500000068,1,164,61,49,1
33,6,2.27824499999406,0,158,115,50,83
33,7,1.93027499999152,0,103,80,79,9
33,8,2.46702000004007,1,96,65,76,51
33,9,1.84908000001451,1,60,17,51,99
33,10,8.48019500001101,1,154,39,26,70
33,11,11.5207999999984,1,63,55,51,99
33,12,3.96542000002228,1,26,160,1,21
33,13,2.69261500000721,0,200,131,33,50
33,14,1.03875999996671,0,170,25,99,99
33,15,2.01137999998173,0,104,173,78,51
33,16,0.91193999996176,1,77,18,20,99
33,17,4.66286500002025,0,159,176,57,13
33,18,31.1472300000023,0,13,119,99,1
33,19,9.68892499996582,1,114,99,34,73
33,20,3.27350999996997,1,124,1,22,100
33,21,66.2104200000176,1,70,184,50,59
33,22,9.5177450000192,1,172,102,50,80
33,23,5.81991000002017,1,188,100,60,61
33,24,1.75169499998447,0,155,93,67,87
33,25,3.07124499999918,0,28,5,85,94
33,26,2.15169999998761,0,118,105,66,32
33,27,1.68066499999259,1,16,12,94,98
33,28,3.01583500002744,0,142,174,82,35
33,29,26.388580000028,0,51,161,92,25
33,30,1.76422000001185,0,165,150,53,24
34,1,1.95,0,16,12,11,1
34,2,1.427,1,187,168,59,68
34,3,1.359,0,153,33,7,1
34,4,2.093,0,51,161,37,13
34,5,1.315,1,155,93,38,62
34,6,1.129,0,165,150,65,1
34,7,1.317,1,26,160,20,12
34,8,1.36,1,104,173,16,40
34,9,1.703,1,118,105,92,100
34,10,1.387,0,172,102,42,4
34,11,1.38,1,142,174,50,69
34,12,1.816,0,28,5,12,1
34,13,1.683,1,70,184,50,65
34,14,1.817,0,106,123,100,70
34,15,1.744,1,63,55,1,25
34,16,1.154,1,103,80,1,100
34,17,1.167,0,98,8,80,17
34,18,1.15,0,96,65,59,1
34,19,1.244,0,60,17,1,1
34,20,0.999,0,77,18,100,10
34,21,2.125,0,154,39,32,1
34,22,1.175,0,170,25,36,1
34,23,2.437,1,188,100,63,90
34,24,2.308,0,164,61,50,1
34,25,2.214,0,158,115,1,1
34,26,1.059,1,13,119,1,73
34,27,2.126,0,159,176,14,39
34,28,1.063,1,114,99,38,92
34,29,1.33,0,200,131,60,1
34,30,0.918,0,124,1,74,1
35,1,1.657,0,124,1,82,3
35,2,1.863,1,187,168,71,77
35,3,6.193,0,28,5,3,2
35,4,1.343,0,77,18,51,7
35,5,1.987,0,153,33,50,2
35,6,2.334,1,164,61,2,18
35,7,1.615,1,51,161,50,70
35,8,3.483,0,158,115,8,1
35,9,1.949,0,188,100,74,18
35,10,1.233,1,13,119,1,86
35,11,0.833,0,200,131,31,1
35,12,5.865,1,26,160,93,70
35,13,1.977,0,159,176,11,50
35,14,2.135,0,165,150,87,71
35,15,1.358,1,16,12,1,88
35,16,2.274,1,118,105,77,88
35,17,1.145,1,114,99,11,12
35,18,0.911,0,96,65,100,2
35,19,1.02,0,60,17,17,1
35,20,1.989,0,103,80,64,7
35,21,1.139,1,170,25,1,33
35,22,1.207,0,70,184,1,7
35,23,1.069,0,98,8,20,1
35,24,3.021,1,172,102,31,61
35,25,1.508,1,104,173,9,86
35,26,3.407,1,63,55,24,10
35,27,1.2,0,154,39,51,1
35,28,1.486,0,142,174,22,61
35,29,0.926,1,106,123,68,92
35,30,1.164,1,155,93,11,100
36,1,4.68458000000101,0,153,33,23,63
36,2,2.01136999996379,0,124,1,68,50
36,3,1.56849500001408,0,158,115,21,2
36,4,1.5095100000035,1,118,105,26,77
36,5,4.68128999997862,1,60,17,10,18
36,6,1.88968499994371,1,13,119,19,72
36,7,1.63921500009019,1,142,174,30,86
36,8,1.74122000008356,0,63,55,9,2
36,9,1.08597999997437,0,188,100,85,75
36,10,1.67718500003684,0,159,176,51,15
36,11,3.71515500009991,0,170,25,50,12
36,12,2.6281949999975,0,70,184,19,18
36,13,1.46473500004504,0,28,5,26,18
36,14,1.53302500001155,0,106,123,69,13
36,15,2.32389999995939,1,98,8,62,78
36,16,1.25638000003528,0,172,102,76,24
36,17,1.28577000007499,0,16,12,70,27
36,18,1.52220000000671,1,51,161,4,18
36,19,1.71862499997951,0,200,131,67,30
36,20,6.16175500000827,1,26,160,7,17
36,21,1.47259000001941,0,114,99,29,20
36,22,4.74067999992985,1,77,18,72,76
36,23,1.41701500001363,0,154,39,20,15
36,24,1.81082500005141,1,164,61,1,16
36,25,4.25378499994986,0,187,168,89,87
36,26,1.37011499993969,0,155,93,58,14
36,27,1.2680049999617,0,165,150,93,13
36,28,1.04633500007913,1,104,173,10,97
36,29,1.56340500002261,1,103,80,22,69
36,30,2.64866000006441,0,96,65,11,14
37,1,5.287,0,153,33,61,70
37,2,1.527,0,103,80,63,24
37,3,2.221,0,118,105,89,26
37,4,1.988,1,187,168,25,60
37,5,1.048,0,106,123,77,66
37,6,1.744,0,159,176,68,60
37,7,3.133,1,158,115,90,74
37,8,1.856,1,154,39,51,78
37,9,1.837,1,26,160,1,83
37,10,2.848,1,188,100,37,65
37,11,1.493,0,98,8,91,28
37,12,3.546,1,172,102,27,93
37,13,1.153,1,63,55,21,71
37,14,0.886,0,13,119,84,26
37,15,2.916,0,200,131,65,57
37,16,1.042,1,165,150,21,62
37,17,3.241,1,51,161,40,56
37,18,2.625,1,70,184,9,22
37,19,3.42,1,96,65,29,40
37,20,1.608,0,155,93,86,23
37,21,3.529,0,142,174,79,64
37,22,1.274,0,28,5,65,23
37,23,1.399,0,114,99,88,25
37,24,1.478,0,16,12,76,75
37,25,1.278,0,104,173,96,18
37,26,1.434,0,170,25,33,24
37,27,1.92,0,164,61,69,37
37,28,1.229,1,60,17,62,76
37,29,3.486,1,77,18,25,60
37,30,1.313,1,124,1,90,95
38,1,2.16366999992169,1,13,119,34,100
38,2,1.48364500002936,1,153,33,51,67
38,3,1.19497499987483,1,70,184,72,93
38,4,2.18918999982998,1,165,150,64,100
38,5,1.62935500009917,1,106,123,63,77
38,6,5.80213500000536,0,51,161,51,23
38,7,2.68558999989182,0,155,93,56,9
38,8,3.9347200000193,0,63,55,75,77
38,9,1.93163500004448,0,26,160,41,23
38,10,7.99975499999709,1,142,174,72,100
38,11,1.46900500007905,1,154,39,50,93
38,12,2.45576000004075,0,187,168,98,64
38,13,5.64821500005201,1,60,17,87,100
38,14,1.47420999989845,0,16,12,60,52
38,15,1.62158999987878,0,172,102,87,89
38,16,0.906650000018999,0,124,1,100,100
38,17,1.574729999993,0,103,80,66,37
38,18,3.14464000007138,1,158,115,24,60
38,19,1.42473000008613,1,114,99,9,56
38,20,1.75913000013679,0,104,173,59,50
38,21,1.36167500005104,0,118,105,66,21
38,22,1.0915049999021,1,96,65,34,69
38,23,1.30791500001214,0,28,5,50,32
38,24,1.02334000007249,0,200,131,73,37
38,25,1.05007500015199,1,164,61,14,50
38,26,1.37634499999695,0,188,100,76,51
38,27,1.24849499994889,1,170,25,50,92
38,28,1.28857000009157,1,159,176,14,99
38,29,1.18262499989942,0,77,18,93,100
38,30,0.991889999946579,0,98,8,87,68
39,1,1.90981000004103,0,200,131,26,51
39,2,1.09249499998987,1,118,105,35,69
39,3,0.972920000029262,1,106,123,60,98
39,4,1.72570999996969,0,159,176,49,71
39,5,1.37070999998832,0,16,12,99,91
39,6,1.2094250000082,0,114,99,57,64
39,7,1.38099500001408,1,26,160,18,71
39,8,29.9013249999844,1,77,18,87,97
39,9,1.22749000001932,0,164,61,69,10
39,10,1.53664000000572,1,154,39,8,50
39,11,1.03305999998702,1,142,174,11,82
39,12,1.52110499999253,0,155,93,22,45
39,13,1.86626999999862,0,103,80,11,16
39,14,0.915145000035409,0,153,33,34,32
39,15,0.796395000012126,0,124,1,96,95
39,16,0.757370000006631,0,188,100,93,57
39,17,0.621730000013486,0,172,102,95,12
39,18,1.05392500001471,1,51,161,17,91
39,19,0.937529999995604,1,170,25,4,77
39,20,1.40718000003835,0,96,65,85,61
39,21,1.09169500001008,0,60,17,73,74
39,22,0.904790000000503,1,13,119,96,97
39,23,1.18962499999907,1,158,115,24,9
39,24,1.2248649999965,0,63,55,63,62
39,25,0.834109999996144,0,165,150,69,95
39,26,1.08198499999708,1,98,8,38,76
39,27,1.15098499995656,1,104,173,21,95
39,28,1.30743000004441,1,28,5,75,84
39,29,1.35360500001116,1,70,184,53,63
39,30,0.867640000011306,1,187,168,81,96
40,1,2.307,0,164,61,43,35
40,2,3.792,1,154,39,29,42
40,3,3.042,0,26,160,74,73
40,4,1.351,0,153,33,49,8
40,5,3.42,0,155,93,64,56
40,6,2.275,1,188,100,53,51
40,7,4.152,0,77,18,50,71
40,8,8.518,0,98,8,64,69
40,9,1.836,0,118,105,60,45
40,10,2.398,0,16,12,90,75
40,11,1.525,0,28,5,75,51
40,12,1.696,1,60,17,52,75
40,13,4.483,0,103,80,37,19
40,14,3.672,0,159,176,15,25
40,15,4.015,0,172,102,56,34
40,16,4.337,0,106,123,34,40
40,17,4.496,0,114,99,45,56
40,18,1.773,0,165,150,50,26
40,19,4.929,1,104,173,29,49
40,20,3.448,1,63,55,46,50
40,21,5.899,0,142,174,31,45
40,22,1.882,0,170,25,57,82
40,23,1.78,0,13,119,71,39
40,24,2.602,1,200,131,59,72
40,25,1.988,1,51,161,51,58
40,26,1.698,1,70,184,50,63
40,27,1.706,1,124,1,33,73
40,28,1.797,0,96,65,82,40
40,29,1.817,1,187,168,41,73
40,30,2.226,1,158,115,61,76
41,1,2.91685499995947,0,63,55,99,91
41,2,2.34877499996219,1,188,100,1,85
41,3,1.88161499996204,0,187,168,57,2
41,4,1.70560500002466,0,170,25,50,26
41,5,1.50285499996971,0,142,174,67,14
41,6,1.61366000003181,1,118,105,99,78
41,7,1.10778500000015,1,172,102,1,66
41,8,1.21639499999583,0,13,119,80,5
41,9,2.45653500000481,0,96,65,100,100
41,10,4.12572500004899,0,103,80,12,9
41,11,1.82759499992244,1,26,160,1,81
41,12,2.62298500002362,1,114,99,10,20
41,13,1.22412000002805,0,77,18,99,90
41,14,1.75474500004202,0,16,12,2,7
41,15,1.89017999998759,0,51,161,80,80
41,16,3.5069150000345,0,104,173,30,2
41,17,1.52293000009377,0,159,176,50,2
41,18,2.01211500004865,0,98,8,99,21
41,19,1.29755000001751,1,124,1,8,100
41,20,1.23433500004467,0,200,131,64,1
41,21,2.23970500007272,1,154,39,57,2
41,22,2.96122499997728,1,164,61,2,61
41,23,1.08823999995366,0,60,17,100,7
41,24,5.08454999991227,1,153,33,50,2
41,25,1.61393999995198,0,158,115,67,15
41,26,1.51781500002835,1,155,93,28,86
41,27,1.53833999997005,0,106,123,99,1
41,28,1.62075000000186,1,28,5,17,12
41,29,6.69532000005711,1,165,150,1,51
41,30,1.97217500000261,0,70,184,1,11
42,1,1.54967000000033,1,155,93,91,86
42,2,0.868695000001026,0,13,119,49,53
42,3,0.76113500000065,1,124,1,62,68
42,4,1.05649500000072,1,103,80,52,75
42,5,1.01432999999815,0,164,61,79,49
42,6,1.97358000000168,0,63,55,50,62
42,7,1.20114499999909,1,187,168,62,60
42,8,1.26367499999833,1,200,131,52,51
42,9,1.11688499999946,1,104,173,51,73
42,10,1.37915000000066,0,165,150,67,58
42,11,1.07512499999939,0,106,123,63,52
42,12,0.730165000000852,0,16,12,81,5
42,13,1.05993499999749,0,70,184,66,28
42,14,1.21158999999898,0,170,25,79,36
42,15,0.980390000000625,1,142,174,51,73
42,16,0.993759999997565,1,114,99,35,66
42,17,1.71542000000045,0,153,33,76,5
42,18,0.794920000000275,0,96,65,92,52
42,19,1.77406500000143,1,51,161,67,72
42,20,2.05873000000065,0,118,105,83,54
42,21,1.13947000000189,1,188,100,73,71
42,22,0.807014999998501,0,28,5,70,7
42,23,1.51994999999806,1,158,115,76,65
42,24,1.2442200000005,0,159,176,60,38
42,25,1.20082000000184,0,154,39,51,26
42,26,1.26583500000197,0,77,18,62,80
42,27,3.33295500000168,1,26,160,74,77
42,28,1.10779000000184,1,60,17,53,83
42,29,1.38727999999901,0,172,102,76,57
42,30,1.42350499999884,1,98,8,74,96
43,1,1.81202000007033,1,77,18,60,90
43,2,1.19194500008598,1,170,25,20,45
43,3,1.38468000013381,0,16,12,94,84
43,4,2.46802999987267,0,63,55,56,59
43,5,1.11009000008926,1,98,8,43,80
43,6,4.28676500008442,1,188,100,39,47
43,7,1.32763499999419,0,70,184,78,54
43,8,3.26821499993093,1,103,80,30,37
43,9,1.21105000004172,1,200,131,33,66
43,10,2.17385499994271,0,104,173,39,4
43,11,1.19644000008702,1,106,123,26,53
43,12,1.4963150001131,0,114,99,28,28
43,13,1.61183999991044,0,158,115,32,15
43,14,0.896185000194237,0,142,174,42,54
43,15,2.86846500006504,0,26,160,75,57
43,16,3.49980499991216,0,51,161,72,60
43,17,5.40367499995045,1,164,61,13,68
43,18,2.38181500020437,0,28,5,68,62
43,19,1.53692000010051,1,187,168,29,62
43,20,2.50840000016615,0,60,17,61,66
43,21,1.12870000000112,1,165,150,17,38
43,22,1.78086999990046,0,96,65,51,49
43,23,1.33336000004783,1,124,1,51,98
43,24,1.99995999992825,1,118,105,40,47
43,25,1.71917000017129,1,153,33,14,29
43,26,1.54881500010379,1,154,39,37,78
43,27,1.29219000018202,1,155,93,46,53
43,28,1.4850949998945,0,13,119,79,56
43,29,1.44074500002898,0,159,176,46,10
43,30,4.97306500002742,0,172,102,33,41
44,1,1.628,1,159,176,28,48
44,2,2.22,0,114,99,10,24
44,3,3.11,1,118,105,24,30
44,4,3.565,0,158,115,29,51
44,5,4.882,0,70,184,44,27
44,6,1.737,0,187,168,42,11
44,7,1.963,0,96,65,55,35
44,8,1.606,0,172,102,17,19
44,9,2.063,1,63,55,49,50
44,10,1.359,1,106,123,37,28
44,11,1.349,0,142,174,34,12
44,12,2.982,1,28,5,55,52
44,13,3.152,0,170,25,34,51
44,14,2.373,0,153,33,35,30
44,15,3.42,0,51,161,50,22
44,16,1.867,1,155,93,35,57
44,17,2.688,1,103,80,19,51
44,18,1.093,1,60,17,40,60
44,19,1.908,0,164,61,30,1
44,20,1.589,0,16,12,60,48
44,21,1.515,0,154,39,37,30
44,22,1.021,0,77,18,25,42
44,23,2.351,0,13,119,58,23
44,24,1.425,0,188,100,38,10
44,25,3.97,1,98,8,36,58
44,26,2.445,1,124,1,11,45
44,27,1.507,0,165,150,59,18
44,28,2.452,0,200,131,28,36
44,29,3.143,0,26,160,35,27
44,30,1.592,1,104,173,42,61
45,1,1.85995000000003,1,154,39,22,64
45,2,1.427455,1,124,1,35,98
45,3,2.67263500000034,0,26,160,99,58
45,4,1.4789350000001,1,60,17,51,89
45,5,3.34598499999993,0,118,105,76,20
45,6,2.4087199999999,0,16,12,98,98
45,7,3.16668499999969,1,172,102,68,75
45,8,1.74232500000016,0,28,5,99,98
45,9,1.9275349999998,0,13,119,99,22
45,10,2.47960999999987,1,165,150,14,29
45,11,4.59955999999965,1,159,176,3,18
45,12,2.11464000000022,0,187,168,74,35
45,13,2.1873599999999,1,170,25,71,94
45,14,1.36439000000019,1,158,115,13,77
45,15,2.19720000000007,1,98,8,76,99
45,16,2.00230999999985,0,103,80,78,20
45,17,1.75737500000012,1,70,184,63,62
45,18,2.10845500000005,0,63,55,71,16
45,19,1.83645500000013,0,106,123,73,64
45,20,1.67918499999997,0,104,173,75,12
45,21,2.00025999999981,1,200,131,68,73
45,22,1.89350999999986,0,155,93,78,12
45,23,4.195745,1,77,18,86,96
45,24,2.03056999999989,1,164,61,39,51
45,25,3.13013499999989,1,96,65,26,69
45,26,5.21796499999982,0,142,174,51,34
45,27,3.68906999999992,0,153,33,29,27
45,28,2.10285500000007,1,188,100,66,84
45,29,9.19696999999997,1,114,99,83,78
45,30,3.00674500000014,1,51,161,27,69
46,1,2.00100000000384,1,165,150,1,100
46,2,2.25200000000041,0,114,99,59,75
46,3,1.15200000000186,0,98,8,79,1
46,4,1.34300000000076,1,172,102,1,81
46,5,9.3289999999979,1,154,39,11,91
46,6,1.39299999999639,0,106,123,90,53
46,7,1.42500000000291,0,26,160,76,1
46,8,2.18299999999726,0,70,184,100,13
46,9,1.26400000000285,1,153,33,12,100
46,10,2.17399999999907,0,142,174,100,83
46,11,1.33499999999913,0,155,93,23,50
46,12,1.39600000000064,0,51,161,58,1
46,13,1.41100000000006,1,96,65,1,50
46,14,1.09199999999691,1,200,131,11,61
46,15,1.47200000000157,1,103,80,50,74
46,16,1.59000000000378,0,170,25,89,77
46,17,1.04200000000128,1,124,1,59,92
46,18,29.3209999999963,1,164,61,1,50
46,19,1.26400000000285,1,16,12,1,62
46,20,1.76799999999639,1,104,173,65,49
46,21,1.38700000000244,1,63,55,61,76
46,22,1.18299999999726,1,159,176,78,99
46,23,1.47499999999854,0,28,5,75,43
46,24,1.10300000000279,0,118,105,75,50
46,25,1.15399999999499,0,188,100,83,80
46,26,1.08699999999953,1,60,17,64,89
46,27,1.02500000000146,0,187,168,100,1
46,28,1.63499999999476,1,158,115,7,75
46,29,2.36599999999453,1,13,119,1,21
46,30,1.20599999999831,0,77,18,100,76
47,1,3.75488999998197,1,77,18,57,82
47,2,1.97901000035927,1,104,173,56,58
47,3,1.78589499974623,1,70,184,1,49
47,4,2.50049499981105,0,96,65,83,71
47,5,1.20312000019476,1,124,1,44,100
47,6,1.82986000040546,0,164,61,59,1
47,7,6.20867499988526,1,16,12,100,100
47,8,1.60802000015974,0,28,5,100,84
47,9,1.8946850001812,1,158,115,28,64
47,10,1.49555000010878,0,165,150,56,16
47,11,1.81619499996305,0,26,160,35,1
47,12,2.1129250000231,1,159,176,17,39
47,13,2.89295500004664,1,63,55,94,100
47,14,1.7716400003992,1,114,99,14,54
47,15,1.82251999992877,1,153,33,12,87
47,16,4.89289999986067,0,60,17,85,100
47,17,1.83136000018567,0,51,161,100,1
47,18,1.54344499995932,0,200,131,25,1
47,19,2.07333499984816,0,118,105,75,56
47,20,1.84121999982744,0,103,80,50,27
47,21,1.16490500001237,0,172,102,57,40
47,22,1.3389649996534,0,13,119,100,29
47,23,1.31219000043347,1,170,25,36,82
47,24,4.1454850002192,1,98,8,65,100
47,25,2.61940999981016,1,188,100,60,44
47,26,2.19730500038713,1,142,174,1,36
47,27,1.81725500011817,1,155,93,36,86
47,28,1.46255000028759,1,154,39,20,93
47,29,6.62963500013575,1,187,168,32,46
47,30,1.67214499972761,0,106,123,57,65
48,1,1.19381499988958,0,77,18,91,75
48,2,1.36495999991894,1,114,99,21,79
48,3,1.6714449999854,0,200,131,51,30
48,4,1.00931000011042,0,153,33,27,2
48,5,1.68012000015005,1,104,173,25,48
48,6,0.972529999911785,1,26,160,1,47
48,7,2.83782500005327,1,60,17,99,96
48,8,1.17599499993958,1,158,115,32,3
48,9,0.879220000002533,1,142,174,5,77
48,10,1.24615500005893,0,165,150,59,5
48,11,2.44974499987438,0,154,39,98,64
48,12,1.68903999985196,0,70,184,96,51
48,13,0.974749999819323,1,51,161,13,84
48,14,1.49927000002936,1,103,80,72,83
48,15,1.02254499983974,1,13,119,29,77
48,16,1.27538499981165,1,124,1,50,74
48,17,1.07187000010163,1,188,100,78,79
48,18,1.74848499987274,1,16,12,61,86
48,19,1.21316500008106,0,170,25,93,65
48,20,1.22750000003725,1,96,65,41,85
48,21,0.843520000111312,0,63,55,81,2
48,22,1.50391500000842,1,164,61,11,34
48,23,0.932939999969676,1,187,168,86,99
48,24,1.88565000006929,0,98,8,66,85
48,25,1.97164000011981,1,159,176,51,53
48,26,1.18271000008099,0,118,105,74,51
48,27,1.81138499989174,1,172,102,53,92
48,28,0.818135000066832,1,28,5,22,66
48,29,3.59152999985963,0,106,123,56,66
48,30,2.60941000003368,0,155,93,29,32
49,1,1.87370499991812,0,170,25,100,22
49,2,5.20118000009097,0,142,174,34,19
49,3,1.28524999995716,0,103,80,100,78
49,4,1.45100999996066,0,118,105,38,30
49,5,1.09636000008322,1,188,100,69,51
49,6,2.00014500017278,0,165,150,100,24
49,7,3.47557500004768,0,60,17,100,100
49,8,2.49041499989107,0,159,176,49,49
49,9,1.24499500007369,1,172,102,50,50
49,10,2.37439500004984,0,104,173,100,85
49,11,6.2044299999252,0,187,168,50,24
49,12,1.35447499994189,0,158,115,100,80
49,13,2.64009499992244,1,155,93,73,100
49,14,1.75594500009902,1,124,1,50,100
49,15,1.52667499985546,1,153,33,50,70
49,16,1.31488499999978,0,51,161,50,28
49,17,4.48737500002608,0,98,8,51,1
49,18,1.42183999996632,0,28,5,100,50
49,19,1.19763499987312,0,106,123,100,100
49,20,1.29193000006489,1,16,12,63,100
49,21,1.32429499994032,0,70,184,87,51
49,22,1.83221999998204,0,63,55,100,51
49,23,2.78113500005566,1,154,39,50,77
49,24,8.09783500013873,1,96,65,100,100
49,25,1.51009999983944,1,77,18,50,100
49,26,1.25644499994814,1,200,131,15,100
49,27,1.38315499993041,0,26,160,100,50
49,28,1.58321999991313,0,164,61,100,51
49,29,1.08663000003435,0,13,119,100,50
49,30,5.20591499982402,0,114,99,83,100
50,1,1.52342499999213,0,155,93,89,10
50,2,1.13103499999852,0,13,119,100,72
50,3,0.937044999998761,0,106,123,93,85
50,4,1.48865499999374,1,170,25,1,66
50,5,0.815925000002608,0,96,65,78,31
50,6,2.3433199999854,1,158,115,21,87
50,7,1.35389999998733,1,63,55,32,70
50,8,1.07521000000997,0,103,80,31,7
50,9,0.873965000006137,1,60,17,47,60
50,10,0.949445000005653,0,77,18,100,83
50,11,2.07090000002063,1,118,105,67,71
50,12,1.26044500002172,0,172,102,75,5
50,13,0.669844999996712,0,159,176,1,1
50,14,1.0517450000043,1,200,131,4,52
50,15,0.673115000012331,0,124,1,55,96
50,16,1.13118500000564,1,51,161,13,70
50,17,0.69856499999878,0,188,100,83,60
50,18,2.00036499998532,0,28,5,5,66
50,19,0.7385850000137,0,70,184,84,95
50,20,0.873254999984056,0,98,8,90,100
50,21,0.862445000006119,1,153,33,1,8
50,22,1.08817499998258,1,154,39,5,67
50,23,0.661819999979343,0,164,61,68,17
50,24,0.888020000013057,0,165,150,93,2
50,25,2.3598349999811,1,114,99,1,72
50,26,2.66203500001575,1,26,160,1,28
50,27,2.4470250000013,1,142,174,1,73
50,28,1.08935999998357,0,16,12,100,66
50,29,2.10034500001348,0,187,168,90,97
50,30,1.58638500000234,1,104,173,22,73
51,1,1.641,0,13,119,87,33
51,2,1.871,0,159,176,24,3
51,3,1.539,0,188,100,50,4
51,4,1.29000000000001,0,104,173,56,3
51,5,3.177,1,60,17,61,71
51,6,1.385,1,164,61,36,69
51,7,1.096,1,118,105,1,40
51,8,1.004,1,114,99,5,28
51,9,1.022,1,172,102,10,57
51,10,3.44399999999999,1,124,1,43,93
51,11,3.413,1,187,168,37,5
51,12,2.965,1,96,65,13,28
51,13,1.071,1,142,174,1,58
51,14,2.66999999999999,1,106,123,3,51
51,15,1.43299999999999,0,28,5,98,100
51,16,2.413,1,16,12,99,82
51,17,0.984000000000015,1,200,131,2,54
51,18,1.34599999999997,0,63,55,64,18
51,19,0.881000000000029,1,153,33,50,49
51,20,1.072,0,51,161,68,38
51,21,1.074,1,70,184,2,55
51,22,1.299,0,155,93,57,2
51,23,1.629,0,158,115,57,10
51,24,1.47700000000003,0,165,150,68,7
51,25,0.863999999999971,1,98,8,1,98
51,26,1.21600000000003,0,26,160,40,27
51,27,0.834000000000029,1,154,39,32,80
51,28,0.734,1,77,18,41,97
51,29,1.437,0,103,80,60,42
51,30,1.23,1,170,25,28,51
52,1,3.56720500002848,1,98,8,30,67
52,2,0.935890000022482,0,153,33,77,1
52,3,1.31974499998614,1,103,80,38,65
52,4,1.46399999997811,1,118,105,32,57
52,5,1.53156000003219,0,63,55,34,32
52,6,1.52389999997104,1,142,174,36,68
52,7,1.65395499998704,0,96,65,59,46
52,8,2.5572149999789,1,60,17,31,81
52,9,39.5558799999999,0,170,25,100,71
52,10,1.51563500001794,1,28,5,27,20
52,11,1.52593499998329,0,200,131,31,66
52,12,1.9085699999705,0,188,100,78,72
52,13,6.10960999998497,1,187,168,73,91
52,14,1.22882999997819,1,159,176,31,80
52,15,0.972109999973327,0,158,115,65,23
52,16,0.822704999998678,1,51,161,29,65
52,17,1.43567999999505,1,13,119,28,76
52,18,1.5548650000128,1,26,160,61,76
52,19,0.808870000008028,0,164,61,77,55
52,20,2.29794000001857,1,114,99,71,64
52,21,2.70219500001986,0,124,1,93,82
52,22,2.09109499998158,0,172,102,83,29
52,23,2.00691499997629,1,106,123,19,78
52,24,2.44333999999799,0,77,18,68,84
52,25,1.19757499999832,1,104,173,34,74
52,26,1.58173999999417,0,165,150,77,62
52,27,1.29331499995897,1,154,39,51,62
52,28,1.22750999999698,0,16,12,72,41
52,29,0.88501000002725,0,155,93,61,30
52,30,1.38096500001848,1,70,184,71,83
53,1,2.81486000004224,1,51,161,47,78
53,2,2.43914999999106,0,165,150,27,33
53,3,1.22889999998733,0,16,12,86,10
53,4,1.8333350000903,0,155,93,22,1
53,5,1.05801999999676,0,154,39,51,21
53,6,1.57921999995597,0,164,61,14,15
53,7,1.53526999999303,1,13,119,1,39
53,8,1.62185499991756,1,187,168,2,34
53,9,0.924149999977089,0,63,55,100,40
53,10,1.55452000000514,0,28,5,58,17
53,11,1.67212500004098,1,98,8,38,92
53,12,1.71091999998316,0,104,173,17,49
53,13,1.25202000001445,1,96,65,2,99
53,14,1.26719999988563,1,200,131,1,70
53,15,1.95716999995057,0,77,18,2,1
53,16,1.21356500010006,0,124,1,47,1
53,17,1.7358200000599,0,114,99,12,6
53,18,1.25154500000644,1,26,160,1,50
53,19,1.23993999999948,0,170,25,50,51
53,20,1.72758499998599,1,142,174,47,62
53,21,2.83424500003457,0,158,115,31,7
53,22,1.38569999998435,1,70,184,1,39
53,23,2.09304499998689,1,188,100,2,22
53,24,1.3654749999987,0,153,33,50,1
53,25,1.66337999992538,0,118,105,37,12
53,26,2.29167000006419,0,106,123,60,59
53,27,8.09013000002597,0,172,102,7,5
53,28,1.49519500008319,0,103,80,21,1
53,29,2.3751700000139,1,159,176,16,16
53,30,1.68546499998774,0,60,17,93,81
54,1,1.7669749999186,1,170,25,35,100
54,2,1.52216999989469,1,60,17,68,99
54,3,1.64274999999907,1,164,61,22,79
54,4,1.26302000007126,0,13,119,51,38
54,5,2.74529500002973,1,142,174,13,8
54,6,1.39241500000935,1,63,55,67,87
54,7,1.32122499996331,1,124,1,11,98
54,8,1.4645399999572,1,158,115,39,40
54,9,2.12761500000488,1,77,18,29,100
54,10,1.2160000000149,1,200,131,3,71
54,11,12.2556699999841,0,26,160,96,60
54,12,1.01659000001382,1,172,102,11,33
54,13,0.939164999988861,0,106,123,8,5
54,14,2.43400999996811,1,16,12,89,100
54,15,1.21464499994181,0,155,93,61,50
54,16,2.14923499990255,1,165,150,18,14
54,17,1.5561999999918,0,104,173,39,23
54,18,1.20796000002883,1,96,65,60,71
54,19,1.92965499998536,0,188,100,2,17
54,20,1.74335500004236,1,153,33,24,93
54,21,1.96981999999844,1,51,161,50,51
54,22,16.1630049999803,1,159,176,39,35
54,23,1.49814000003971,1,103,80,49,62
54,24,6.9907050000038,1,114,99,40,50
54,25,1.17845000000671,1,154,39,31,99
54,26,4.44865999999456,1,28,5,89,98
54,27,1.18376000004355,1,98,8,16,74
54,28,1.33600500004832,1,118,105,25,16
54,29,1.48279999999795,0,70,184,65,25
54,30,1.24950999999419,0,187,168,9,2
55,1,2.22180500000832,0,104,173,75,31
55,2,1.21494499998516,1,63,55,62,67
55,3,1.39152000000468,1,124,1,64,69
55,4,1.53110999998171,1,77,18,37,96
55,5,2.63206000000355,1,51,161,35,65
55,6,0.991799999988871,1,154,39,51,67
55,7,1.14960000000428,1,155,93,50,71
55,8,5.48729999997886,1,13,119,72,36
55,9,1.70987999998033,1,114,99,62,77
55,10,1.62951499997871,0,159,176,51,25
55,11,0.937160000001313,0,98,8,70,69
55,12,1.27370499999961,1,158,115,40,29
55,13,1.13826500001596,1,172,102,36,36
55,14,1.35722000000533,0,187,168,33,35
55,15,1.33931999999913,1,26,160,65,50
55,16,1.21158500001184,1,142,174,18,71
55,17,0.952954999986105,0,118,105,60,66
55,18,1.3104100000055,0,70,184,49,24
55,19,0.845995000010589,0,106,123,66,30
55,20,1.50956499998574,1,103,80,16,49
55,21,1.17444499998237,0,170,25,77,68
55,22,1.28622999999789,0,164,61,52,53
55,23,2.02367999998387,0,28,5,35,70
55,24,3.07559999998193,1,16,12,69,92
55,25,2.26166499999817,1,200,131,14,37
55,26,1.19411500002025,0,96,65,71,51
55,27,1.18692499998724,1,188,100,61,65
55,28,1.43588999999338,1,153,33,27,33
55,29,1.34249999999884,0,60,17,52,92
55,30,1.01503999999841,1,165,150,63,39
56,1,3.23,1,165,150,7,25
56,2,2.337,0,63,55,37,59
56,3,1.907,0,104,173,73,5
56,4,2.025,0,16,12,96,75
56,5,4.682,0,26,160,4,1
56,6,1.887,0,187,168,13,5
56,7,2.526,1,124,1,59,57
56,8,1.636,0,98,8,100,92
56,9,1.622,1,164,61,1,21
56,10,1.742,1,170,25,7,51
56,11,1.932,1,142,174,3,5
56,12,1.916,0,114,99,87,57
56,13,1.576,0,106,123,84,12
56,14,1.76,0,51,161,51,1
56,15,1.656,0,96,65,78,49
56,16,1.744,0,60,17,50,51
56,17,1.54,1,158,115,10,90
56,18,2.702,1,118,105,40,82
56,19,1.491,1,188,100,4,98
56,20,2.204,0,154,39,51,14
56,21,1.707,0,13,119,96,50
56,22,2.349,1,153,33,4,24
56,23,2.746,1,159,176,4,8
56,24,1.761,1,172,102,30,84
56,25,1.49,0,70,184,74,11
56,26,1.662,0,77,18,73,28
56,27,1.818,1,155,93,21,61
56,28,1.741,0,28,5,82,51
56,29,1.937,1,200,131,2,7
56,30,1.605,0,103,80,63,51
57,1,1.35548000002746,0,154,39,33,54
57,2,0.775945000001229,0,172,102,56,57
57,3,2.04666499991436,1,70,184,40,65
57,4,0.961044999887235,0,153,33,41,12
57,5,1.3057699999772,1,165,150,58,49
57,6,0.916934999986552,1,114,99,35,58
57,7,0.616544999997132,0,158,115,55,53
57,8,0.820175000000745,0,77,18,51,56
57,9,1.16822999995202,0,104,173,41,11
57,10,1.15201999992132,0,170,25,24,58
57,11,0.715899999951944,0,106,123,42,54
57,12,0.743709999951534,1,26,160,22,74
57,13,0.896684999926947,0,159,176,56,61
57,14,1.07222999993246,1,60,17,52,47
57,15,2.67517999990378,1,124,1,68,65
57,16,6.14130499993917,1,200,131,33,39
57,17,6.26164000004064,0,98,8,22,42
57,18,1.1622099999804,1,63,55,49,41
57,19,0.825510000111535,0,142,174,73,66
57,20,0.54296999995131,1,187,168,49,67
57,21,0.214004999957979,1,28,5,60,59
57,22,0.25937999994494,1,51,161,49,41
57,23,0.397644999902695,1,103,80,37,33
57,24,0.208095000009052,1,96,65,41,51
57,25,5.07160000002477,0,118,105,65,81
57,26,0.889610000071116,0,188,100,61,65
57,27,1.62945000000764,0,13,119,57,46
57,28,0.877809999976307,1,16,12,65,75
57,29,0.31547499995213,1,164,61,32,70
57,30,2.40194000001065,0,155,93,31,43
58,1,1.9812249999959,0,155,93,50,51
58,2,1.47815999999875,1,187,168,49,49
58,3,2.28477500000008,0,106,123,50,49
58,4,1.59367499999644,1,158,115,52,52
58,5,1.13536500000191,0,170,25,55,50
58,6,1.26881500000309,1,51,161,50,55
58,7,1.3648949999988,0,165,150,51,51
58,8,1.63219499999832,0,124,1,50,51
58,9,1.73677500000485,1,63,55,49,50
58,10,1.36066500000015,1,159,176,50,52
58,11,1.33702500000072,1,188,100,53,50
58,12,5.45648999999685,0,118,105,51,51
58,13,0.958995000000868,0,98,8,50,51
58,14,26.5247299999974,1,200,131,51,51
58,15,1.63440500000434,1,96,65,51,52
58,16,1.22961499999656,1,16,12,51,51
58,17,1.42160500000318,1,154,39,50,49
58,18,8.38671999999497,1,142,174,51,51
58,19,2.07595999999467,1,114,99,48,51
58,20,4.41386500000226,0,70,184,50,50
58,21,10.7471099999966,0,104,173,50,51
58,22,2.17007500000182,1,103,80,50,50
58,23,1.05345499999385,0,60,17,50,50
58,24,1.42960500000481,0,172,102,50,50
58,25,1.52132500000153,1,153,33,51,51
58,26,12.3239250000042,0,77,18,51,50
58,27,123.472820000003,1,13,119,51,51
58,28,1.20220500000147,1,28,5,51,63
58,29,1.55702000000014,1,26,160,51,51
58,30,1.8735549999983,0,164,61,51,49
59,1,2.05007500000011,1,154,39,51,99
59,2,1.61655999999993,1,158,115,26,23
59,3,1.41645999999992,0,200,131,58,30
59,4,2.02259499999991,0,188,100,51,51
59,5,3.84955500000023,0,98,8,77,94
59,6,1.2962050000001,1,114,99,12,50
59,7,1.46708500000022,1,172,102,8,48
59,8,1.56476999999995,0,142,174,27,33
59,9,2.47193500000003,1,103,80,50,50
59,10,2.03217500000028,0,106,123,51,52
59,11,1.98099500000034,1,165,150,15,72
59,12,3.90207999999984,1,16,12,80,99
59,13,1.44911499999989,0,70,184,66,48
59,14,1.30541999999969,0,155,93,51,1
59,15,1.56257000000005,0,187,168,64,51
59,16,2.04775999999992,0,159,176,20,9
59,17,1.13072499999998,1,60,17,50,82
59,18,1.235995,1,153,33,14,64
59,19,2.68412999999964,0,124,1,50,83
59,20,1.02668499999982,1,170,25,9,49
59,21,1.0995149999999,1,26,160,1,13
59,22,1.52527000000011,1,118,105,51,95
59,23,1.17572500000006,0,28,5,96,88
59,24,2.15212500000009,0,63,55,90,40
59,25,0.940750000000204,1,164,61,10,34
59,26,1.04343500000006,1,104,173,51,35
59,27,2.13354000000027,1,96,65,15,96
59,28,1.74352499999985,1,51,161,1,50
59,29,1.39539500000002,0,13,119,99,84
59,30,1.32062499999983,0,77,18,87,93
60,1,5.70391999999993,0,172,102,88,26
60,2,1.46424000000115,1,118,105,27,39
60,3,1.52428499999951,1,104,173,60,100
60,4,3.79604999999719,0,103,80,57,60
60,5,2.19434500000352,1,142,174,63,84
60,6,2.10635000000184,1,13,119,67,64
60,7,2.37459500000114,1,96,65,100,51
60,8,1.7465200000006,0,188,100,77,63
60,9,2.22426000000269,0,124,1,63,85
60,10,6.94680499999959,0,106,123,27,66
60,11,1.60120499999903,0,155,93,38,69
60,12,2.61385500000324,1,16,12,65,61
60,13,2.81474500000331,1,154,39,31,50
60,14,1.94273999999859,0,51,161,99,74
60,15,1.53278499999578,0,70,184,100,65
60,16,2.70377500000177,1,158,115,51,57
60,17,1.80690999999933,0,77,18,100,90
60,18,1.87223500000255,1,159,176,28,76
60,19,1.77636999999959,0,63,55,43,29
60,20,3.72611499999766,1,26,160,73,52
60,21,1.64724500000011,0,165,150,82,35
60,22,1.70228499999939,1,153,33,45,100
60,23,2.52240500000335,0,98,8,45,78
60,24,9.7164150000026,1,200,131,71,77
60,25,1.55857999999716,0,114,99,98,27
60,26,2.31987500000105,1,60,17,30,90
60,27,2.01879500000359,1,28,5,61,94
60,28,1.42541500000516,1,170,25,23,90
60,29,1.83434500000294,0,164,61,63,42
60,30,1.61931999999797,0,187,168,80,58
61,1,3.182,1,164,61,23,51
61,2,1.732,0,165,150,50,51
61,3,1.269,1,188,100,50,50
61,4,1.058,0,118,105,62,70
61,5,2.564,1,153,33,29,50
61,6,2.591,1,172,102,63,49
61,7,0.971,0,106,123,58,12
61,8,1.016,1,114,99,68,51
61,9,1.252,1,51,161,62,55
61,10,0.823,1,170,25,28,82
61,11,0.638,0,103,80,62,30
61,12,40.355,1,26,160,14,51
61,13,1.508,1,60,17,49,91
61,14,1.758,0,98,8,70,87
61,15,11.737,1,77,18,16,100
61,16,41.307,1,200,131,25,72
61,17,42.137,0,63,55,50,50
61,18,23.003,0,70,184,51,51
61,19,0.935,1,124,1,6,95
61,20,0.981,0,104,173,49,25
61,21,2.619,0,159,176,51,13
61,22,2.2,1,187,168,24,50
61,23,0.831,1,16,12,96,99
61,24,3.281,1,142,174,50,24
61,25,1.999,1,28,5,91,90
61,26,0.88,1,96,65,19,51
61,27,0.771,0,13,119,91,8
61,28,1.133,1,154,39,50,86
61,29,0.942,0,155,93,61,51
61,30,0.847,0,158,115,50,52
62,1,4.745,1,188,100,23,69
62,2,3.28,0,172,102,62,60
62,3,1.449,0,98,8,89,62
62,4,3.203,1,124,1,61,77
62,5,2.685,1,200,131,10,21
62,6,1.375,1,70,184,46,74
62,7,3.712,0,158,115,14,1
62,8,6.2,0,164,61,16,20
62,9,3.931,1,154,39,39,22
62,10,2.099,0,13,119,92,49
62,11,5.466,1,118,105,38,27
62,12,1.753,1,142,174,36,65
62,13,1.295,0,114,99,94,41
62,14,1.844,0,103,80,43,21
62,15,1.645,0,26,160,45,12
62,16,1.643,1,165,150,3,19
62,17,1.816,0,106,123,50,66
62,18,1.924,0,155,93,72,56
62,19,1.999,0,153,33,14,10
62,20,1.589,1,77,18,51,72
62,21,1.519,1,170,25,8,56
62,22,1.547,1,104,173,8,63
62,23,1.302,1,60,17,22,59
62,24,3.107,1,187,168,24,14
62,25,1.9,0,51,161,69,1
62,26,2.362,1,16,12,59,72
62,27,1.456,1,159,176,6,77
62,28,1.402,0,96,65,58,13
62,29,1.128,1,63,55,60,76
62,30,2.05,1,28,5,57,56
63,1,2.8949249999132,0,172,102,41,22
63,2,22.1543000000529,1,165,150,2,2
63,3,5.78330000001006,1,155,93,38,99
63,4,13.4058150001802,1,188,100,2,37
63,5,2.09715000004508,1,63,55,5,36
63,6,1.13944500009529,1,124,1,42,80
63,7,1.31728500011377,0,28,5,90,36
63,8,4.4296500000637,0,164,61,5,5
63,9,25.9866299999412,1,60,17,50,33
63,10,1.28855499997735,0,51,161,41,6
63,11,1.46414000005461,0,96,65,99,12
63,12,3.01804499980062,1,153,33,4,39
63,13,4.92274499987252,1,187,168,10,21
63,14,2.4949000000488,1,154,39,8,61
63,15,11.3659600000829,0,114,99,62,9
63,16,1.28514500008896,0,16,12,99,71
63,17,1.45640500006266,1,77,18,1,71
63,18,10.975745000178,1,200,131,26,5
63,19,5.70629500015639,0,159,176,6,4
63,20,3.81673500011675,1,26,160,2,8
63,21,2.0880650000181,0,103,80,23,1
63,22,16.5796799999662,1,170,25,2,66
63,23,1.69830500008538,0,104,173,36,3
63,24,2.53504999983124,0,118,105,56,77
63,25,1.12993000005372,1,98,8,45,95
63,26,1.36343999998644,1,106,123,5,38
63,27,1.02943999995477,0,13,119,84,1
63,28,1.32883500005119,1,70,184,2,6
63,29,1.97020499990322,1,158,115,9,24
63,30,2.14137999992818,0,142,174,14,24
64,1,1.246,1,155,93,50,97
64,2,1.14999999999999,0,70,184,100,77
64,3,1.371,1,164,61,16,64
64,4,1.184,1,13,119,75,74
64,5,1.144,1,153,33,69,88
64,6,1.365,1,142,174,75,99
64,7,0.857,0,77,18,100,63
64,8,1.983,1,154,39,7,69
64,9,1.834,1,60,17,81,99
64,10,1.823,0,170,25,6,67
64,11,0.771,0,98,8,100,20
64,12,1.559,1,28,5,63,64
64,13,1.124,1,165,150,72,99
64,14,1.003,0,106,123,99,18
64,15,0.928,1,26,160,2,75
64,16,0.866,0,96,65,100,62
64,17,1.192,0,16,12,70,51
64,18,3.45399999999999,0,200,131,6,9
64,19,1.11999999999997,1,172,102,28,93
64,20,1.11800000000003,1,158,115,4,92
64,21,1.06900000000003,0,159,176,72,2
64,22,1.291,1,188,100,63,100
64,23,1.64,1,114,99,99,100
64,24,6.363,0,124,1,62,98
64,25,5.05800000000003,0,63,55,63,67
64,26,1.098,1,51,161,91,72
64,27,1.357,0,187,168,91,17
64,28,3.60499999999997,0,103,80,84,17
64,29,1.157,0,104,173,67,24
64,30,0.757,0,118,105,100,99
65,1,1.40198999992572,0,153,33,88,1
65,2,1.91262499988079,1,13,119,2,99
65,3,1.52189999981783,1,106,123,1,98
65,4,1.53161499998532,1,104,173,28,100
65,5,1.08007999998517,0,154,39,61,1
65,6,1.08147999993525,0,98,8,59,44
65,7,2.15834999992512,0,200,131,1,1
65,8,0.994295000098646,0,124,1,100,80
65,9,1.52723000012338,0,188,100,1,1
65,10,1.08868000004441,0,164,61,62,1
65,11,1.80858499999158,0,114,99,1,1
65,12,2.19703999999911,0,96,65,35,1
65,13,1.80649000010453,0,103,80,1,1
65,14,1.44096500007436,0,118,105,62,1
65,15,1.41709500015713,1,28,5,78,99
65,16,2.31306999991648,0,142,174,63,2
65,17,0.992454999824986,1,155,93,1,1
65,18,1.93110499996692,1,77,18,33,100
65,19,0.900984999956563,0,165,150,68,1
65,20,0.846559999976307,1,16,12,67,100
65,21,1.49619500013068,0,159,176,1,1
65,22,1.55288999993354,1,26,160,1,66
65,23,1.29876500018872,1,63,55,1,75
65,24,2.68295000004582,0,158,115,1,1
65,25,2.16590500017628,1,51,161,1,62
65,26,0.785725000081584,0,170,25,100,100
65,27,3.69019500003196,0,187,168,62,100
65,28,1.16242499998771,1,172,102,63,63
65,29,1.12207500007935,1,70,184,65,100
65,30,0.839780000038445,1,60,17,1,100
66,1,4.636,1,26,160,2,15
66,2,3.939,0,60,17,91,74
66,3,2.187,1,159,176,16,22
66,4,1.297,0,188,100,68,36
66,5,2.531,0,103,80,50,19
66,6,0.94,0,28,5,100,82
66,7,1.618,1,155,93,79,88
66,8,1.275,0,63,55,63,58
66,9,1.139,1,200,131,23,7
66,10,2.112,0,153,33,50,9
66,11,5.723,1,77,18,77,98
66,12,1.867,1,51,161,59,20
66,13,2.02,0,13,119,100,60
66,14,1.157,1,154,39,20,40
66,15,1.491,0,165,150,94,62
66,16,1.742,0,170,25,35,64
66,17,2.16,0,114,99,63,62
66,18,11.545,1,118,105,81,63
66,19,12,0,164,61,60,29
66,20,1.095,0,106,123,87,80
66,21,1.252,0,172,102,88,76
66,22,4.228,1,70,184,22,19
66,23,2.963,1,104,173,56,50
66,24,1.211,1,158,115,50,67
66,25,2.376,0,16,12,99,84
66,26,1.34,0,142,174,78,57
66,27,1.511,1,187,168,63,99
66,28,1.66,0,98,8,82,55
66,29,1.457,0,96,65,80,62
66,30,0.806,0,124,1,81,63
67,1,2.27644499996677,1,188,100,82,94
67,2,1.98994999995921,0,63,55,89,51
67,3,1.7314400000032,1,60,17,87,100
67,4,2.95029000006616,1,28,5,50,50
67,5,2.11041500000283,0,98,8,89,89
67,6,4.28729000000749,1,158,115,4,50
67,7,1.43377499992494,1,114,99,16,87
67,8,1.57435000000987,0,16,12,100,88
67,9,1.31010999996215,0,96,65,100,81
67,10,1.27920999994967,0,118,105,96,67
67,11,2.3573599999072,0,26,160,79,78
67,12,13.376244999934,0,70,184,86,7
67,13,8.24063000001479,0,187,168,77,13
67,14,2.92174999997951,1,106,123,90,86
67,15,1.36526499991305,1,170,25,51,80
67,16,2.67365500004962,1,154,39,11,9
67,17,1.84090499999002,0,142,174,50,11
67,18,1.18520499998704,0,103,80,92,7
67,19,1.28340999991633,1,13,119,20,100
67,20,2.01927499996964,0,124,1,100,98
67,21,1.29333000001498,0,155,93,86,70
67,22,87.7478950000368,1,164,61,51,85
67,23,1.22096000006422,1,172,102,7,89
67,24,1.58326500002295,0,165,150,86,51
67,25,2.14005499996711,0,159,176,52,5
67,26,1.76395000005141,0,200,131,78,4
67,27,1.78552999999374,0,51,161,17,4
67,28,1.66159999999218,0,153,33,9,28
67,29,1.2444550000364,0,104,173,94,18
67,30,1.44795499998145,1,77,18,77,100
68,1,7.82683999999426,0,63,55,11,16
68,2,1.80232500005513,0,51,161,59,50
68,3,2.67041000002064,1,142,174,83,59
68,4,20.220900000073,0,187,168,93,61
68,5,5.91032999986783,1,26,160,13,60
68,6,2.55077000008896,0,70,184,82,71
68,7,2.23319000005722,1,124,1,59,87
68,8,1.13454499980435,0,16,12,89,67
68,9,2.58299500006251,0,159,176,64,63
68,10,13.1789400000125,1,188,100,74,61
68,11,8.01166500011459,1,118,105,67,79
68,12,3.04048000019975,0,114,99,51,53
68,13,1.66421999991871,0,96,65,60,1
68,14,1.41232500015758,1,104,173,64,76
68,15,2.08018000004813,0,164,61,88,1
68,16,1.63966999994591,1,170,25,43,71
68,17,5.03905000002123,0,77,18,81,50
68,18,1.4204299999401,1,13,119,20,76
68,19,1.67264500004239,0,28,5,91,58
68,20,2.4814400000032,1,98,8,66,94
68,21,4.94301500008442,0,154,39,58,60
68,22,39.9417749999557,0,172,102,86,43
68,23,1.32581499987282,0,106,123,59,7
68,24,1.95896499999799,0,103,80,58,46
68,25,8.26472500013188,0,153,33,57,11
68,26,1.58056499995291,1,200,131,59,58
68,27,2.92372500011697,1,155,93,52,60
68,28,1.0301300000865,1,158,115,42,1
68,29,1.40617000008933,0,165,150,76,59
68,30,10.9523050000425,1,60,17,21,60
69,1,1.994,0,142,174,25,15
69,2,1.658,0,26,160,69,35
69,3,3.211,1,63,55,77,99
69,4,3.493,1,200,131,2,26
69,5,1.441,1,114,99,50,100
69,6,1.428,1,118,105,4,72
69,7,2.82,0,104,173,79,49
69,8,2.125,0,170,25,49,51
69,9,1.55699999999999,0,164,61,17,2
69,10,1.149,1,153,33,17,88
69,11,1.306,0,16,12,80,71
69,12,2.417,1,103,80,78,69
69,13,1.366,0,51,161,96,43
69,14,1.367,1,98,8,2,98
69,15,1.923,0,159,176,2,2
69,16,2.722,0,13,119,50,15
69,17,1.385,0,60,17,98,77
69,18,1.568,0,188,100,71,18
69,19,1.183,1,154,39,61,99
69,20,1.329,0,77,18,99,36
69,21,1.171,1,158,115,2,73
69,22,3.316,0,96,65,99,87
69,23,1.17699999999997,1,124,1,2,66
69,24,1.628,0,187,168,61,26
69,25,1.132,1,28,5,66,51
69,26,7.161,0,165,150,78,62
69,27,1.00700000000003,0,106,123,72,2
69,28,1.3,1,172,102,51,69
69,29,5.90399999999997,0,70,184,50,51
69,30,1.268,1,155,93,2,99
70,1,1.609,1,96,65,88,92
70,2,1.634,1,142,174,89,89
70,3,1.115,1,154,39,92,94
70,4,0.893,1,170,25,93,97
70,5,0.918,1,60,17,95,94
70,6,0.961,1,153,33,92,43
70,7,1.163,1,63,55,91,96
70,8,1.197,1,159,176,88,93
70,9,1.468,1,103,80,89,91
70,10,1.379,1,28,5,87,93
70,11,1.584,1,158,115,89,94
70,12,1.521,1,187,168,91,92
70,13,0.973,1,13,119,93,96
70,14,5,1,98,8,95,93
70,15,0.893,1,51,161,92,94
70,16,2.142,0,77,18,85,93
70,17,1.584,0,155,93,90,69
70,18,1.473,1,70,184,89,87
70,19,1.297,1,104,173,91,96
70,20,1.915,0,124,1,89,97
70,21,2.101,0,172,102,90,91
70,22,1.166,1,114,99,90,91
70,23,1.339,1,26,160,31,94
70,24,1.119,1,118,105,89,91
70,25,1.112,1,106,123,83,94
70,26,1.121,1,200,131,91,91
70,27,1.551,0,188,100,91,81
70,28,1.18,1,164,61,92,94
70,29,1.111,1,16,12,90,93
70,30,1.265,1,165,150,90,89
71,1,2.431,1,106,123,60,100
71,2,3.728,0,155,93,66,50
71,3,1.757,1,63,55,50,100
71,4,1.178,1,16,12,51,96
71,5,2.326,0,26,160,79,33
71,6,1.14,1,103,80,20,65
71,7,1.439,0,200,131,68,50
71,8,2.914,0,142,174,81,63
71,9,1.007,0,188,100,93,59
71,10,2.204,1,28,5,43,50
71,11,2.23,0,51,161,76,47
71,12,8.181,0,98,8,65,50
71,13,2.25,0,159,176,64,6
71,14,0.946,0,170,25,100,49
71,15,1.045,1,104,173,19,100
71,16,1.828,0,164,61,58,47
71,17,3.261,0,153,33,50,1
71,18,1.961,1,165,150,33,58
71,19,5.09,0,114,99,44,50
71,20,3.235,0,77,18,69,69
71,21,5.39,0,60,17,36,50
71,22,1.193,0,70,184,51,50
71,23,0.973,0,187,168,91,41
71,24,1.054,0,158,115,67,50
71,25,0.843,0,124,1,100,59
71,26,4.758,0,118,105,57,50
71,27,1.184,0,154,39,50,1
71,28,3.309,0,96,65,78,50
71,29,2.381,1,13,119,100,100
71,30,1.497,0,172,102,51,12
72,1,3.62065499999881,0,200,131,35,24
72,2,2.05580999999802,0,63,55,58,41
72,3,3.09549499999412,0,188,100,36,19
72,4,2.53902500000549,1,106,123,25,40
72,5,3.05669499999931,1,60,17,72,52
72,6,0.942669999996724,1,16,12,65,64
72,7,1.07503500000166,1,187,168,64,65
72,8,1.03116000000591,0,170,25,61,10
72,9,1.4120150000017,1,77,18,41,50
72,10,1.07968999999866,0,172,102,94,59
72,11,1.13614499999676,1,98,8,40,52
72,12,0.936204999998154,1,51,161,29,64
72,13,2.12752000000182,0,155,93,59,43
72,14,1.06171500000346,1,142,174,13,61
72,15,3.03281999999308,1,159,176,39,69
72,16,1.3906599999973,1,70,184,59,61
72,17,1.41808499999752,0,96,65,49,43
72,18,1.44056499999715,0,164,61,80,86
72,19,1.12196499999845,1,104,173,37,71
72,20,4.93666500000108,1,124,1,44,61
72,21,0.809279999994033,1,13,119,49,41
72,22,2.98199500000192,0,153,33,39,13
72,23,1.32796500000404,0,154,39,59,47
72,24,2.77032000000327,0,103,80,31,30
72,25,2.41285000000062,1,28,5,57,31
72,26,9.25701500000287,1,158,115,34,22
72,27,1.47798500000499,1,118,105,27,61
72,28,1.28274000000238,0,165,150,69,20
72,29,2.34891000000061,1,114,99,35,10
72,30,1.36613000000216,1,26,160,18,63
73,1,1.30625999998301,0,106,123,100,95
73,2,0.783185000065714,0,77,18,100,65
73,3,0.9963150001131,0,63,55,100,21
73,4,1.86719999997877,0,158,115,68,77
73,5,1.15075500006787,0,200,131,100,50
73,6,1.26958999992348,0,187,168,94,84
73,7,3.00111499987543,1,16,12,21,37
73,8,1.13802499999292,1,51,161,14,53
73,9,0.986589999869466,1,165,150,75,100
73,10,0.986249999841675,0,153,33,51,7
73,11,1.90639499993995,1,118,105,100,100
73,12,0.819649999961257,0,60,17,100,27
73,13,1.81220000004396,1,164,61,65,80
73,14,1.32267999998294,1,28,5,1,9
73,15,3.19971500011161,0,172,102,66,61
73,16,0.906209999928251,1,13,119,17,92
73,17,1.39176500006579,1,70,184,47,70
73,18,1.95402000006288,1,104,173,49,50
73,19,2.22338999994099,1,96,65,78,89
73,20,1.0796449999325,1,26,160,1,50
73,21,1.0597200000193,0,170,25,63,27
73,22,1.00917999981903,0,98,8,100,19
73,23,2.43254499998875,1,159,176,50,75
73,24,1.24738000007346,0,188,100,81,77
73,25,1.21745999995619,0,124,1,100,65
73,26,1.03260000003502,0,142,174,100,69
73,27,0.982230000197887,0,154,39,55,64
73,28,1.37345500010997,0,114,99,96,78
73,29,1.2124199999962,1,155,93,50,88
73,30,2.19625999988057,1,103,80,44,72
74,1,1.43701500000042,0,200,131,72,54
74,2,1.18245999999999,0,159,176,55,72
74,3,0.892554999999906,0,26,160,100,53
74,4,3.81644499999993,1,124,1,83,99
74,5,1.31844999999976,1,154,39,73,77
74,6,1.42266000000018,0,16,12,99,99
74,7,1.91747500000019,1,104,173,54,91
74,8,1.86266999999998,0,114,99,55,57
74,9,1.14816500000007,0,164,61,87,62
74,10,2.11321999999972,1,96,65,57,72
74,11,1.90491499999962,0,70,184,56,67
74,12,1.13700500000003,1,98,8,70,100
74,13,1.90611500000022,0,187,168,87,72
74,14,2.14743999999974,1,103,80,55,70
74,15,1.38857999999981,0,51,161,65,51
74,16,1.44440500000017,1,106,123,67,68
74,17,1.04653499999995,0,188,100,82,56
74,18,0.993210000000094,0,170,25,93,91
74,19,0.992614999999641,0,13,119,99,82
74,20,1.04395500000007,1,60,17,57,99
74,21,2.83103499999971,1,142,174,82,87
74,22,1.03787499999997,1,77,18,62,97
74,23,1.38359000000037,1,155,93,59,59
74,24,1.09326499999998,1,153,33,69,65
74,25,1.36796499999991,1,118,105,56,70
74,26,1.31314999999994,0,172,102,88,52
74,27,1.1515199999999,1,63,55,59,81
74,28,1.09290999999986,0,28,5,99,100
74,29,1.55897499999992,0,165,150,92,79
74,30,1.21188500000015,0,158,115,90,56
75,1,3.28145999996923,1,142,174,15,47
75,2,4.06372500001453,1,96,65,53,88
75,3,2.08787499996834,1,155,93,1,23
75,4,2.29303000005893,1,124,1,82,97
75,5,1.90780499996617,1,172,102,22,79
75,6,1.83580999984406,1,118,105,50,65
75,7,2.25545000005513,0,104,173,51,86
75,8,0.7985050000716,1,98,8,54,97
75,9,0.991079999832436,1,106,123,96,93
75,10,1.21657000016421,0,114,99,93,85
75,11,1.43591000000015,0,159,176,86,83
75,12,1.57468500011601,0,188,100,96,77
75,13,3.51589499996044,0,63,55,97,51
75,14,1.40950000006706,1,77,18,80,93
75,15,2.13116000010632,0,165,150,94,9
75,16,1.44840000011027,1,70,184,50,90
75,17,1.56634000013582,1,28,5,44,99
75,18,0.986874999944121,1,16,12,98,99
75,19,1.07440000004135,1,60,17,55,99
75,20,1.31921500014141,0,154,39,43,31
75,21,0.968194999964908,0,200,131,89,72
75,22,1.8088150001131,1,13,119,88,90
75,23,2.16104000015184,1,26,160,77,88
75,24,1.22548500006087,0,187,168,97,82
75,25,2.67602500016801,1,164,61,5,37
75,26,1.71399999991991,0,103,80,52,7
75,27,1.76144000003114,1,153,33,36,52
75,28,13.0460200000089,0,158,115,74,70
75,29,4.06382499984466,1,51,161,17,74
75,30,1.35492499987595,1,170,25,10,94
76,1,2.21719999999914,1,142,174,81,92
76,2,1.2183500000101,1,70,184,1,98
76,3,2.65797500000917,1,13,119,10,78
76,4,1.82320500000787,0,63,55,6,30
76,5,3.24309000000358,0,159,176,76,55
76,6,1.91558499999519,1,28,5,11,100
76,7,2.98037000000477,0,103,80,44,1
76,8,1.51088499999605,0,155,93,93,2
76,9,1.61520000000019,0,124,1,86,50
76,10,8.2586500000034,1,118,105,83,66
76,11,1.76720000000205,0,158,115,90,32
76,12,1.41061999999511,0,188,100,98,63
76,13,2.38998499998706,1,165,150,81,67
76,14,1.42132500000298,0,164,61,99,1
76,15,3.39414499999839,0,200,131,98,36
76,16,1.1782200000016,1,106,123,70,97
76,17,1.41851999999199,1,104,173,57,60
76,18,1.01895500000683,0,114,99,100,66
76,19,1.26026500000444,1,26,160,1,83
76,20,1.82888499999535,1,77,18,2,74
76,21,4.62863000000652,0,154,39,51,1
76,22,1.90776000000187,0,170,25,62,42
76,23,2.56097999999474,1,60,17,47,80
76,24,1.16629500000272,1,51,161,39,69
76,25,2.62556999998924,1,96,65,31,50
76,26,1.83465000000433,0,98,8,77,14
76,27,2.18177999999898,0,16,12,86,25
76,28,4.07698500000697,0,172,102,98,55
76,29,3.98500000000058,0,187,168,68,95
76,30,1.69031999999424,0,153,33,51,3
77,1,2.30599999999686,1,159,176,3,4
77,2,2.10599999999977,1,60,17,57,66
77,3,2.46399999999267,0,70,184,59,50
77,4,1.54700000000594,1,187,168,29,53
77,5,2.85299999998824,0,158,115,17,2
77,6,1.6710000000021,0,153,33,49,2
77,7,1.34200000000419,0,172,102,67,2
77,8,3.34799999999814,0,98,8,51,37
77,9,1.54099999999744,0,13,119,67,39
77,10,1.95799999999872,1,155,93,40,63
77,11,1.49100000000908,0,124,1,50,64
77,12,1.29399999999441,0,106,123,76,50
77,13,3.15099999999802,0,142,174,44,49
77,14,1.7960000000021,1,77,18,35,69
77,15,1.55900000000838,1,104,173,24,61
77,16,1.61800000000221,0,51,161,78,2
77,17,1.85399999999208,0,26,160,13,2
77,18,1.56600000000617,1,170,25,32,29
77,19,2.27199999999721,0,96,65,62,61
77,20,2.27000000000407,0,164,61,33,2
77,21,1.38700000000244,0,28,5,64,4
77,22,1.73599999998987,1,188,100,30,51
77,23,1.55800000000454,0,63,55,61,1
77,24,1.41899999999441,0,114,99,67,56
77,25,3.85499999999593,0,200,131,33,13
77,26,1.41599999999744,1,118,105,51,100
77,27,5.70299999999406,0,103,80,2,20
77,28,1.70200000000477,0,165,150,67,35
77,29,3.2899999999936,1,154,39,38,50
77,30,1.72999999999593,1,16,12,37,30
78,1,3.42535000000498,0,118,105,38,10
78,2,1.66170000001148,0,188,100,62,38
78,3,5.40209499999764,1,164,61,15,20
78,4,4.29727500000445,0,158,115,24,4
78,5,4.30661999998847,0,154,39,12,70
78,6,2.89997499999299,0,96,65,62,9
78,7,2.23187499999767,0,103,80,33,10
78,8,1.01926499999536,1,70,184,17,95
78,9,1.36260999999649,0,124,1,59,72
78,10,1.86327499999607,1,26,160,8,42
78,11,1.39246499999717,0,165,150,76,12
78,12,3.07259500000509,0,60,17,92,58
78,13,1.09919500000251,0,170,25,66,29
78,14,4.40585500000452,0,200,131,24,10
78,15,3.52243499999167,0,77,18,4,62
78,16,3.50860000000102,0,153,33,11,3
78,17,2.40236499998719,1,16,12,14,18
78,18,1.63244499999564,1,159,176,27,31
78,19,1.68583499999659,1,104,173,21,41
78,20,1.45156500001031,0,98,8,41,10
78,21,1.46527500000957,0,155,93,15,17
78,22,2.0579899999866,1,142,174,5,93
78,23,1.17485000001034,0,28,5,73,25
78,24,2.80042500000854,1,63,55,12,61
78,25,1.2629900000029,0,114,99,39,30
78,26,1.31492999999318,1,106,123,13,64
78,27,3.26135000000068,0,172,102,41,34
78,28,4.70067999999446,1,187,168,65,93
78,29,1.27251999999862,1,51,161,16,55
78,30,0.959480000004987,1,13,119,13,56
79,1,4.5149799999781,0,70,184,76,29
79,2,1.53814999992028,0,60,17,73,79
79,3,1.74335499992594,1,77,18,10,79
79,4,1.58968500001356,1,63,55,77,81
79,5,1.41871000011452,1,26,160,29,70
79,6,1.38773000007495,1,98,8,15,80
79,7,2.1153850001283,0,118,105,28,21
79,8,1.56961000012234,0,103,80,72,17
79,9,1.25961500010453,0,200,131,17,5
79,10,1.33414499997161,0,155,93,16,75
79,11,2.57601499999873,1,153,33,71,90
79,12,3.03486000001431,1,51,161,18,63
79,13,1.85417500021867,0,165,150,74,25
79,14,1.26408499991521,1,154,39,22,97
79,15,3.43889499991201,0,96,65,86,66
79,16,1.35834000003524,1,158,115,79,56
79,17,1.2172300000675,0,13,119,79,24
79,18,1.30050999997184,0,114,99,65,84
79,19,1.5669100000523,0,164,61,61,18
79,20,2.32646500016563,1,188,100,23,66
79,21,1.90861000004224,0,172,102,75,30
79,22,1.89650999987498,1,124,1,59,26
79,23,1.68358499999158,1,28,5,76,75
79,24,1.77456000004895,0,104,173,61,20
79,25,1.29811499989592,1,187,168,20,63
79,26,1.36084500001743,0,142,174,25,6
79,27,1.08911500009708,1,106,123,25,19
79,28,1.511029999936,0,159,176,18,11
79,29,1.26000000000931,1,16,12,99,81
79,30,1.30637999996543,1,170,25,82,81
80,1,2.68868999998085,0,16,12,91,40
80,2,1.16273999994155,1,124,1,67,100
80,3,1.71482499991544,1,77,18,1,94
80,4,2.10729499999434,1,200,131,61,85
80,5,2.46910500002559,1,26,160,1,88
80,6,3.65674000000581,0,170,25,84,100
80,7,2.24100000003818,0,63,55,64,10
80,8,1.73921999998856,0,154,39,39,1
80,9,3.28495500003919,1,165,150,42,72
80,10,1.43796499993186,0,188,100,62,72
80,11,1.56974000006448,0,164,61,78,73
80,12,1.29967500001658,0,70,184,95,45
80,13,1.36819000006653,0,28,5,66,20
80,14,2.11066000000574,0,153,33,44,1
80,15,0.965714999940246,0,96,65,100,57
80,16,2.30562500003725,0,114,99,59,60
80,17,1.5821350000333,0,159,176,36,16
80,18,3.34960499999579,1,106,123,54,82
80,19,2.09746499999892,1,98,8,57,91
80,20,1.29775999998674,1,142,174,46,61
80,21,1.21365499997046,0,172,102,40,64
80,22,1.82998000003863,0,104,173,63,29
80,23,1.64729499991518,1,155,93,57,73
80,24,1.52111500001047,1,103,80,52,86
80,25,1.32999000011478,1,60,17,64,100
80,26,9.2650249999715,1,187,168,68,46
80,27,1.42047000001185,1,51,161,37,61
80,28,1.25884999998379,0,13,119,82,63
80,29,1.16943000000902,1,118,105,61,93
80,30,2.36270000005607,0,158,115,65,40
81,1,1.93856500000038,0,70,184,29,29
81,2,3.73376500000086,0,106,123,60,50
81,3,1.93793000000005,1,164,61,51,52
81,4,1.42327499999737,0,159,176,65,31
81,5,1.44488999999885,0,158,115,63,41
81,6,1.41604000000007,0,200,131,32,38
81,7,1.29464000000007,1,13,119,62,64
81,8,5.26259500000015,1,96,65,51,51
81,9,2.50137000000177,0,124,1,27,49
81,10,2.52252500000031,1,77,18,37,49
81,11,2.07774000000063,0,28,5,67,52
81,12,1.1459700000014,0,16,12,86,38
81,13,1.80873000000065,0,155,93,60,33
81,14,5.04923500000223,1,98,8,70,67
81,15,2.17269500000111,0,63,55,52,50
81,16,3.83803999999873,0,104,173,52,30
81,17,1.28278000000137,0,154,39,69,27
81,18,1.55496500000299,0,118,105,65,21
81,19,1.49226000000272,1,60,17,27,92
81,20,2.86794999999984,0,187,168,41,42
81,21,11.563979999999,1,51,161,4,63
81,22,1.20850500000233,1,165,150,41,78
81,23,3.90791500000341,1,26,160,35,53
81,24,2.65987500000119,0,142,174,41,36
81,25,1.39958499999921,1,114,99,31,59
81,26,1.18861000000106,0,170,25,91,32
81,27,1.56339999999909,0,188,100,31,31
81,28,1.77488000000085,0,103,80,35,4
81,29,1.97854999999981,0,172,102,81,48
81,30,4.35420499999964,0,153,33,51,19
82,1,5.12975999992341,0,188,100,74,17
82,2,5.13440499990247,0,28,5,64,50
82,3,2.62014000001363,1,142,174,3,99
82,4,2.91027999995276,1,118,105,49,50
82,5,3.81303999992087,1,103,80,51,49
82,6,2.27723000012338,0,96,65,100,11
82,7,2.9529099999927,1,63,55,50,72
82,8,2.34028999996372,1,124,1,50,99
82,9,1.84827499999665,0,172,102,87,49
82,10,3.99386999988928,0,155,93,99,73
82,11,4.95645499997772,0,106,123,98,87
82,12,2.68381499988027,1,159,176,49,74
82,13,3.67083499999717,1,70,184,94,100
82,14,2.95599499996752,1,26,160,2,2
82,15,4.34629500005394,0,98,8,99,64
82,16,2.9880299998913,0,77,18,100,99
82,17,3.35318500013091,0,154,39,98,67
82,18,4.73533000005409,0,114,99,51,4
82,19,2.49418499995954,1,104,173,50,84
82,20,14.2341750001069,1,200,131,17,50
82,21,3.26352499984205,1,187,168,83,99
82,22,3.03530999994837,0,16,12,99,1
82,23,5.42050500004552,0,170,25,47,50
82,24,2.75402499991469,1,153,33,49,99
82,25,2.41300499998033,1,60,17,49,99
82,26,6.66966500016861,0,165,150,100,49
82,27,33.2903150001075,0,158,115,49,49
82,28,2.06443500006571,0,51,161,65,27
82,29,3.04435499990359,1,13,119,99,99
82,30,2.94038999988697,1,164,61,50,10
83,1,4.93199000000095,1,158,115,8,1
83,2,3.09926499999894,0,104,173,30,2
83,3,12.7760249999992,0,28,5,4,27
83,4,3.86950499999878,1,26,160,10,72
83,5,2.91666000000079,0,114,99,65,35
83,6,2.14790999999968,0,98,8,79,50
83,7,2.52665499999962,1,187,168,1,50
83,8,3.27654500000062,1,153,33,10,62
83,9,2.57099500000005,1,63,55,62,99
83,10,2.13474999999924,1,154,39,34,98
83,11,11.0348900000008,0,13,119,60,1
83,12,4.22882000000024,0,200,131,12,2
83,13,2.03780499999993,1,60,17,64,89
83,14,4.83119999999867,0,118,105,50,19
83,15,2.35066999999981,0,51,161,77,1
83,16,3.13346000000095,1,164,61,39,23
83,17,1.81099999999971,1,170,25,11,64
83,18,3.1176300000007,0,155,93,60,50
83,19,1.88714499999874,0,103,80,34,5
83,20,2.26985500000051,0,16,12,32,29
83,21,2.90037500000111,1,96,65,50,77
83,22,2.06669500000135,0,159,176,69,29
83,23,2.6151399999999,0,70,184,22,1
83,24,3.01051000000007,0,142,174,38,1
83,25,2.78062999999931,1,124,1,50,33
83,26,1.87343499999953,0,106,123,99,1
83,27,2.77717499999923,0,188,100,1,15
83,28,5.50432000000007,1,77,18,89,92
83,29,2.38673999999987,1,165,150,5,95
83,30,2.07915999999933,1,172,102,19,86
84,1,3.74288999999408,1,153,33,50,99
84,2,4.17035499995109,1,159,176,22,86
84,3,1.97427500004414,0,51,161,63,21
84,4,2.73084999993443,1,28,5,79,81
84,5,1.78784000000451,0,188,100,75,2
84,6,2.14467499998864,0,118,105,60,29
84,7,1.85183499997947,1,154,39,51,77
84,8,3.26688000001013,1,96,65,99,82
84,9,1.8204600000754,1,158,115,50,62
84,10,1.65918000007514,1,16,12,88,98
84,11,1.46126999997068,1,124,1,99,79
84,12,1.56020999990869,0,155,93,65,51
84,13,1.54350500006694,0,164,61,22,5
84,14,4.77723000000697,1,142,174,57,70
84,15,2.40377000009175,1,13,119,90,90
84,16,2.84151500009466,1,106,123,64,84
84,17,2.52819999994244,0,103,80,33,51
84,18,2.19858500000555,0,60,17,20,58
84,19,1.85359499999322,1,114,99,10,29
84,20,1.86494499992114,0,70,184,100,60
84,21,1.17773999995552,0,165,150,80,6
84,22,1.34091000002809,0,200,131,62,2
84,23,1.44158999994397,0,98,8,64,68
84,24,0.939645000034943,1,170,25,50,79
84,25,2.02936499996576,1,187,168,63,83
84,26,1.20835500000976,1,77,18,25,86
84,27,1.13765000004787,1,63,55,13,26
84,28,1.70522999996319,0,172,102,57,14
84,29,1.0903999999864,0,26,160,99,28
84,30,1.17908000003081,1,104,173,26,59
85,1,3.26002000004519,1,153,33,13,66
85,2,2.20710499992128,1,142,174,18,28
85,3,1.19720499997493,1,96,65,79,91
85,4,1.17878499999642,0,26,160,50,5
85,5,1.31723000004422,0,172,102,62,32
85,6,0.946895000059158,1,16,12,50,95
85,7,1.00835999997798,1,70,184,63,65
85,8,2.00748000002932,1,118,105,59,65
85,9,1.671875,0,60,17,91,64
85,10,1.88348499999847,1,106,123,54,71
85,11,1.14657500002068,0,187,168,64,67
85,12,0.792780000017956,1,103,80,27,69
85,13,1.08851499995217,0,165,150,86,14
85,14,1.30590499995742,1,104,173,50,41
85,15,1.00475500000175,0,159,176,16,22
85,16,1.36384000000544,0,51,161,50,5
85,17,1.14847999997437,0,188,100,72,38
85,18,1.89265499997418,1,170,25,7,63
85,19,1.04061499994714,1,158,115,6,51
85,20,1.24465999996755,1,77,18,26,89
85,21,0.933910000021569,1,154,39,5,74
85,22,1.45421999995597,0,164,61,63,66
85,23,1.00877499999478,0,63,55,86,46
85,24,0.939960000105202,1,155,93,67,81
85,25,1.33175000001211,0,114,99,42,36
85,26,0.908549999934621,1,28,5,73,94
85,27,0.84617499995511,1,124,1,50,95
85,28,0.979049999965355,1,98,8,64,98
85,29,1.24404499994125,0,200,131,40,4
85,30,1.03625500004273,1,13,119,83,67
86,1,87.5253599998541,1,187,168,6,8
86,2,1.8552849998232,1,118,105,3,27
86,3,1.74647000012919,1,60,17,1,99
86,4,2.52264000009745,1,164,61,6,3
86,5,1.69307000003755,1,200,131,4,24
86,6,1.7256650000345,1,172,102,5,2
86,7,3.90357999992557,0,114,99,16,2
86,8,2.87852500006557,1,96,65,1,2
86,9,2.83198000001721,1,158,115,10,24
86,10,2.62349999998696,0,159,176,12,2
86,11,78.1349150000606,1,154,39,6,95
86,12,2.931704999879,0,103,80,9,5
86,13,1.24205999984406,1,124,1,8,99
86,14,1.33816500008106,1,16,12,87,100
86,15,2.76066999998875,0,188,100,7,4
86,16,1.29030500003137,0,13,119,99,2
86,17,1.26469999994151,1,63,55,1,100
86,18,1.01041500014253,1,153,33,8,98
86,19,1.43092499999329,1,98,8,7,94
86,20,34.3687699998263,0,104,173,7,6
86,21,1.31048500002362,0,51,161,97,6
86,22,8.09300999995321,1,170,25,16,99
86,23,2.25977999996394,0,165,150,11,6
86,24,1.59782999986783,1,70,184,2,10
86,25,1.4974650000222,0,155,93,11,2
86,26,1.4198449999094,0,106,123,21,8
86,27,1.46951500000432,0,28,5,99,85
86,28,3.36740000010468,1,142,174,5,6
86,29,0.933230000082403,1,77,18,2,99
86,30,1.12106000003405,0,26,160,100,9
87,1,2.47295499988832,0,103,80,60,1
87,2,4.81486500008032,0,124,1,62,75
87,3,5.8754300000146,0,60,17,1,1
87,4,3.38871999992989,0,159,176,1,1
87,5,4.02774999989197,0,114,99,1,4
87,6,2.81450499990024,0,98,8,100,71
87,7,1.83392999996431,0,155,93,70,1
87,8,6.62023999984376,1,28,5,1,1
87,9,2.4172050000634,0,164,61,1,94
87,10,1.85490000015125,1,70,184,6,1
87,11,2.12774499994703,0,104,173,70,8
87,12,2.02866000006907,0,187,168,51,8
87,13,1.65642499993555,1,51,161,1,6
87,14,2.65323500009254,0,106,123,20,25
87,15,2.10041999979876,1,13,119,1,24
87,16,3.89061000011861,0,200,131,69,88
87,17,2.09274999983609,1,153,33,2,96
87,18,2.02867999998853,0,63,55,1,1
87,19,1.74726000009105,0,77,18,78,1
87,20,2.89424000005238,1,172,102,7,11
87,21,1.72429500008002,0,188,100,16,100
87,22,1.73855000012554,0,170,25,12,1
87,23,1.73289499990642,0,142,174,51,1
87,24,1.95990499993786,0,16,12,1,1
87,25,2.62574000004679,0,158,115,59,51
87,26,3.74464499996975,1,96,65,51,58
87,27,1.69273000000976,1,26,160,1,10
87,28,2.03399499994703,1,154,39,51,1
87,29,4.33379500010051,0,118,105,100,6
87,30,1.9712849999778,1,165,150,51,51
88,1,4.33009000006132,1,70,184,53,49
88,2,1.91797499987297,0,114,99,62,51
88,3,4.1462650001049,1,170,25,45,91
88,4,2.20954000018537,0,104,173,26,5
88,5,1.80347499996424,1,188,100,31,28
88,6,3.56229499983601,0,165,150,45,15
88,7,2.34189000003971,0,159,176,37,7
88,8,2.38770500011742,0,187,168,23,5
88,9,1.85833499999717,0,158,115,31,19
88,10,1.1906500000041,0,153,33,36,11
88,11,1.19378999993205,1,142,174,11,86
88,12,0.998415000038221,0,26,160,87,6
88,13,0.657155000139028,0,28,5,100,100
88,14,0.999435000121593,0,106,123,53,4
88,15,0.681654999963939,1,16,12,99,100
88,16,1.98101000022143,1,51,161,55,34
88,17,0.893110000062734,0,13,119,100,42
88,18,0.738964999793097,1,124,1,57,99
88,19,0.957584999967366,1,96,65,1,30
88,20,3.234775000019,1,63,55,54,57
88,21,7.28462000004947,1,98,8,74,94
88,22,1.46186000015587,1,200,131,4,14
88,23,0.934055000077933,1,60,17,74,95
88,24,1.02956000017002,0,154,39,18,1
88,25,7.6444949998986,0,77,18,63,95
88,26,2.26813499978743,0,155,93,66,1
88,27,1.83322999998927,1,118,105,60,76
88,28,1.6379250001628,0,164,61,62,35
88,29,1.38804499991238,1,172,102,78,60
88,30,1.51136999996379,1,103,80,15,68
89,1,4.031,0,153,33,46,48
89,2,1.762,0,187,168,44,62
89,3,1.583,1,172,102,21,71
89,4,1.664,1,158,115,75,59
89,5,3.071,0,16,12,74,64
89,6,4.474,1,188,100,37,55
89,7,1.864,1,165,150,45,75
89,8,13.743,0,104,173,46,71
89,9,3.309,0,200,131,61,45
89,10,1.361,1,154,39,71,89
89,11,1.184,1,77,18,58,60
89,12,1.523,1,103,80,44,63
89,13,3.372,1,124,1,44,57
89,14,4.954,0,164,61,73,59
89,15,3.271,0,70,184,69,28
89,16,2.846,0,13,119,67,26
89,17,1.724,1,60,17,63,69
89,18,1.595,0,118,105,64,68
89,19,1.728,1,63,55,33,78
89,20,1.329,1,114,99,72,66
89,21,10.807,0,26,160,64,71
89,22,1.81,1,155,93,61,43
89,23,1.803,1,96,65,57,52
89,24,1.142,1,98,8,64,64
89,25,1.925,0,159,176,40,51
89,26,1.317,1,170,25,42,87
89,27,29.113,1,51,161,49,14
89,28,4.42,0,142,174,59,63
89,29,1.086,1,106,123,50,72
89,30,1.098,0,28,5,71,64
90,1,1.50997999997344,1,70,184,1,38
90,2,1.3125299999956,1,98,8,32,69
90,3,1.4119949999731,1,77,18,1,80
90,4,1.16499999997905,0,172,102,41,64
90,5,0.928714999987278,1,106,123,56,41
90,6,1.72599499998614,0,154,39,62,72
90,7,1.71186500001932,0,142,174,27,30
90,8,2.39763000002131,0,104,173,65,41
90,9,0.800639999972191,1,60,17,79,78
90,10,1.4697800000431,0,114,99,55,55
90,11,1.3167399999802,0,158,115,59,13
90,12,1.10744499997236,1,124,1,55,80
90,13,1.44570999999996,0,13,119,97,64
90,14,1.72748499998124,1,200,131,8,32
90,15,1.5724100000225,0,51,161,67,28
90,16,1.28999000001932,1,96,65,67,76
90,17,1.11710999999195,1,170,25,39,61
90,18,1.12111499998719,1,155,93,57,66
90,19,1.76759000000311,0,164,61,23,35
90,20,1.50634999998147,0,103,80,51,1
90,21,2.23119000002043,1,187,168,41,59
90,22,1.79275500000222,1,28,5,79,78
90,23,1.36874499998521,0,118,105,58,2
90,24,2.39360999997007,1,159,176,56,34
90,25,1.9019800000242,1,165,150,70,28
90,26,1.32606500003021,0,63,55,64,34
90,27,1.26829499995802,0,153,33,22,22
90,28,1.83791999996174,0,188,100,34,64
90,29,1.08697499998379,0,26,160,85,41
90,30,1.80637499998556,1,16,12,86,96
91,1,2.989,0,51,161,57,62
91,2,2.866,1,172,102,55,45
91,3,1.68,0,159,176,56,30
91,4,1.797,0,13,119,56,46
91,5,1.432,1,77,18,61,79
91,6,0.875,1,154,39,64,59
91,7,1.1,1,153,33,44,59
91,8,1.285,1,104,173,57,56
91,9,1.079,0,26,160,72,60
91,10,2.215,0,142,174,54,41
91,11,1.495,0,70,184,58,38
91,12,1.805,1,124,1,59,58
91,13,1.091,1,158,115,57,58
91,14,2.085,0,28,5,53,55
91,15,1.065,1,170,25,44,64
91,16,0.821,1,187,168,54,60
91,17,1.759,0,106,123,66,54
91,18,2.095,1,200,131,40,56
91,19,0.712,1,118,105,56,61
91,20,1.171,1,155,93,57,52
91,21,1.025,1,98,8,63,62
91,22,1.032,1,188,100,51,67
91,23,1.416,1,96,65,45,61
91,24,1.158,1,103,80,63,63
91,25,1.756,1,16,12,61,67
91,26,1.368,1,165,150,61,55
91,27,0.741,1,60,17,56,64
91,28,2.337,0,114,99,57,59
91,29,1.988,1,164,61,53,64
91,30,0.925,1,63,55,56,52
92,1,3.27946499991231,0,172,102,99,74
92,2,1.9275599999819,0,124,1,99,99
92,3,1.56603999994695,1,154,39,5,14
92,4,1.15702000004239,0,77,18,100,68
92,5,3.44239500002004,0,114,99,92,51
92,6,2.56166499992833,0,63,55,2,1
92,7,1.18232500017621,0,200,131,69,1
92,8,1.55796999996528,1,60,17,1,49
92,9,1.53444999991916,1,26,160,1,21
92,10,1.24609999987297,1,51,161,68,81
92,11,1.44243499985896,0,159,176,74,2
92,12,0.769434999907389,0,188,100,100,100
92,13,1.48413999984041,1,170,25,1,43
92,14,1.81813500006683,1,103,80,50,62
92,15,4.05985000007786,1,16,12,1,18
92,16,1.25008500018157,0,98,8,99,2
92,17,1.03517000004649,1,153,33,2,22
92,18,1.68690000008792,1,187,168,99,99
92,19,1.56641500000842,1,104,173,17,70
92,20,1.44247999996878,1,70,184,50,100
92,21,1.18223499995656,1,96,65,1,2
92,22,1.13155499985442,0,118,105,80,1
92,23,0.92268000007607,0,106,123,99,50
92,24,1.20805999985896,1,158,115,1,99
92,25,1.17035999987274,1,13,119,22,100
92,26,0.809970000060275,0,165,150,99,71
92,27,1.25612000003457,1,28,5,1,20
92,28,1.54535499983467,1,155,93,1,50
92,29,1.34739000000991,0,164,61,51,1
92,30,1.14656500006095,1,142,174,50,63
93,1,4.437,1,104,173,41,60
93,2,2.351,0,187,168,60,60
93,3,1.806,1,63,55,35,67
93,4,27.824,1,51,161,58,57
93,5,1.391,1,159,176,56,52
93,6,2.554,1,103,80,42,38
93,7,3.709,1,164,61,51,50
93,8,2.318,1,124,1,53,83
93,9,2.833,0,70,184,64,28
93,10,1.816,0,118,105,52,41
93,11,1.888,1,16,12,87,84
93,12,3.508,0,114,99,42,37
93,13,1.643,0,172,102,60,42
93,14,1.685,1,170,25,64,64
93,15,1.713,0,165,150,60,37
93,16,1.51,1,77,18,50,96
93,17,2.206,0,96,65,53,56
93,18,1.477,1,60,17,59,81
93,19,1.868,0,13,119,79,58
93,20,1.894,1,28,5,62,74
93,21,1.644,0,26,160,80,44
93,22,1.889,0,106,123,64,55
93,23,1.809,0,188,100,66,42
93,24,1.687,1,153,33,56,78
93,25,2.782,0,158,115,51,36
93,26,2.463,1,155,93,51,53
93,27,1.93,1,154,39,56,94
93,28,2.814,1,142,174,57,49
93,29,2.183,1,98,8,48,78
93,30,1.768,0,200,131,53,40
