"orange","plum","blackberry","peach","cherry","raspberry","apple","grape","golden delicious apple","honeydew melon","kiwi","green bell pepper","carrot","peanuts","almonds","baguette","sliced  loaf bread","boule bread","rye bread","deli turkey","chicken tenders","meatballs","gouda","swiss cheese","potato chips","tortilla chips","doritos","ritz cracker","saltine cracker","wheat thins","egg rolls","french fries","buttered popcorn","triscuits","wavy lays","chocolate ice cream cone","strawberry ice cream cone","vanilla soft serve cone","nutrigrain bar","churro","twist donut","tuile cookie","madeleine","oatmeal raisin cookie","thumprint cookie","sugar cookie","vanilla wafer","chocolate wafer","chocolate bark","dark chocolate","milk chocolate","pocky","toblerone","lindt lindor chocolate truffle","twix","caramel","peanut m&m's","brownie","frosted brownie","lemon cake"
90,91,92,94,47,89,89,85,75,83,92,100,62,98,94,78,56,66,92,4,51,48,40,49,7,31,30,83,68,79,61,44,21,80,4,7,11,2,9,25,4,12,22,2,1,25,11,1,1,1,36,14,14,12,1,1,17,11,6,38
50,100,51,1,50,1,50,100,50,100,100,1,1,50,100,1,1,1,51,1,1,1,50,100,1,1,1,1,1,1,1,1,1,1,1,100,100,49,1,51,1,1,1,100,1,1,1,51,51,50,50,50,100,50,50,1,49,100,100,50
65,60,56,76,16,59,83,64,65,23,65,52,65,65,77,70,22,62,48,46,81,54,57,65,32,35,47,60,61,64,66,72,81,71,48,100,100,100,58,67,75,74,62,44,74,78,70,82,93,77,61,100,68,100,67,17,55,84,73,15
83,17,16,22,20,20,16,39,23,15,17,23,15,20,12,17,18,28,22,15,39,49,16,43,77,26,38,57,60,50,1,78,81,23,61,66,63,78,23,64,70,49,68,32,78,55,50,79,50,75,76,83,78,81,70,76,84,84,74,81
83,23,18,20,15,40,17,13,17,9,22,17,1,13,15,18,24,22,37,15,51,28,15,22,66,18,20,68,14,17,52,28,62,35,77,63,56,66,6,75,41,53,50,36,51,50,41,46,24,82,86,68,76,82,77,50,91,61,81,81
100,7,80,33,85,100,100,100,78,4,97,98,91,100,100,34,11,39,15,84,100,70,1,1,27,15,76,2,3,18,40,62,81,20,20,46,48,63,34,48,48,25,8,21,1,12,7,44,60,74,81,19,74,8,89,9,74,36,18,1
53,49,51,57,72,71,50,100,51,15,80,82,21,20,49,84,56,100,69,100,51,1,14,1,87,5,3,51,12,16,1,84,30,1,83,100,100,100,21,80,50,8,9,75,7,14,18,74,42,51,50,18,4,20,76,1,83,50,50,32
10,14,84,25,46,82,7,74,31,36,73,37,1,61,70,48,38,84,30,57,80,82,57,61,33,1,60,65,56,44,81,34,53,13,29,33,72,58,76,88,63,48,72,65,80,89,79,89,63,72,88,89,100,100,72,14,59,65,84,70
63,55,51,55,26,43,52,62,40,5,59,5,56,54,35,65,50,71,35,1,1,17,33,93,77,63,40,90,74,51,12,67,87,56,90,73,24,91,22,65,62,34,100,5,32,69,68,42,39,31,88,72,33,17,80,100,52,66,56,75
49,47,53,51,53,56,69,47,47,51,49,53,59,63,51,69,62,66,61,71,60,72,56,76,55,63,57,53,56,54,64,72,60,43,67,76,58,84,47,82,76,66,76,55,49,61,57,55,59,58,63,65,58,51,71,58,63,66,60,75
81,100,17,79,72,27,52,43,79,75,81,74,73,86,44,89,72,79,75,39,1,76,6,53,72,61,63,11,40,84,1,50,72,58,70,89,73,100,63,25,78,61,38,26,64,36,69,64,86,100,38,73,87,82,100,47,31,100,100,63
100,100,74,100,28,44,90,80,27,84,22,100,100,64,92,100,83,100,100,1,1,87,57,100,16,80,28,48,42,45,82,99,35,78,28,94,73,78,72,3,80,24,100,34,53,26,58,60,77,61,100,100,78,22,82,72,38,79,82,100
59,9,3,18,5,3,91,47,12,7,60,61,28,6,11,67,37,54,60,50,93,14,28,66,86,62,75,56,28,66,48,96,92,20,90,81,9,15,14,90,69,11,48,1,9,99,5,63,94,91,79,2,67,19,16,5,3,63,31,12
99,100,100,100,100,100,100,100,100,100,100,100,100,100,100,3,1,1,1,100,100,14,59,94,88,8,19,85,93,19,86,1,3,100,78,27,1,1,48,1,1,90,1,100,40,49,100,100,88,10,84,1,42,27,28,42,19,100,81,15
8,7,92,39,7,95,100,97,91,58,46,79,97,56,48,36,51,34,36,92,96,100,56,76,79,50,55,75,37,71,26,97,54,100,66,90,9,69,19,36,58,36,50,49,20,52,61,43,61,54,46,98,62,39,54,50,57,73,76,53
7,50,50,50,50,49,50,50,20,50,50,22,32,15,37,100,76,100,100,50,74,84,65,35,41,58,59,63,50,37,100,64,1,54,32,80,43,81,100,84,63,49,41,36,33,21,37,78,78,100,100,49,100,32,37,1,100,100,100,25
50,96,77,99,67,73,40,58,37,73,67,34,52,63,57,81,40,53,57,100,18,71,1,1,16,10,1,22,1,17,38,24,40,3,1,30,26,36,1,26,58,4,1,7,15,14,1,17,12,49,27,38,5,32,2,1,1,32,28,5
100,68,52,100,23,42,100,100,100,56,100,55,73,16,36,66,11,32,60,29,76,23,48,1,1,25,1,1,1,3,1,100,58,64,1,80,81,70,5,16,22,1,1,20,21,60,10,1,60,21,4,16,59,8,67,1,51,14,65,28
27,71,21,67,33,68,41,63,32,1,37,1,5,60,72,25,26,53,39,70,66,1,2,91,28,7,38,80,49,34,1,24,42,1,38,100,83,82,6,84,96,1,98,16,5,17,70,9,21,100,91,80,82,93,29,16,66,99,100,54
24,34,56,79,22,21,46,84,7,12,89,3,18,33,28,66,59,14,58,43,75,50,14,17,29,55,51,48,46,56,28,78,44,44,43,1,76,66,4,55,53,13,30,16,3,78,20,18,44,16,59,13,43,11,84,37,12,96,86,69
64,27,55,63,26,95,82,69,55,14,98,35,20,77,64,67,59,63,80,61,60,25,26,81,84,59,62,64,56,50,56,93,93,58,63,97,26,91,28,30,89,9,11,16,34,84,55,63,31,79,53,30,2,36,80,25,93,65,76,55
45,97,76,75,76,97,68,79,43,59,71,30,10,56,42,25,9,15,29,94,100,15,78,81,74,39,75,30,35,53,57,80,74,7,87,45,69,93,54,59,32,41,58,90,32,27,17,68,32,78,57,33,76,67,87,92,41,96,98,44
86,2,91,1,31,77,88,100,48,1,85,35,1,70,85,64,38,52,49,49,100,1,1,1,51,3,2,89,52,19,22,64,41,1,23,58,20,17,2,21,1,3,4,4,4,1,2,16,27,99,78,100,38,96,38,40,68,51,59,15
100,100,100,100,100,100,100,100,100,100,100,77,100,78,95,89,69,39,94,100,100,60,92,64,76,92,79,71,99,73,87,72,89,76,93,100,100,64,92,100,100,100,100,98,90,46,90,80,78,92,91,64,62,67,72,39,80,66,43,100
81,71,100,1,1,100,1,77,1,82,1,1,1,1,99,100,2,48,11,1,1,1,33,100,1,1,2,1,1,2,54,1,96,56,2,100,100,100,1,100,100,100,1,2,1,2,99,100,100,100,1,1,1,100,1,1,17,100,100,1
77,80,84,89,98,65,88,81,100,32,91,67,76,60,53,93,59,80,85,75,79,67,71,62,51,66,52,65,50,55,74,52,62,58,34,16,47,72,69,71,28,33,10,57,34,42,10,1,48,28,55,2,24,64,49,20,54,56,37,24
64,16,56,18,55,56,59,78,61,30,19,44,69,8,70,88,78,67,90,78,78,6,86,95,77,70,71,78,85,95,20,86,78,90,72,29,69,91,2,61,60,4,40,4,4,91,26,33,65,34,92,71,91,13,88,5,61,33,7,64
92,1,50,4,15,57,34,65,42,20,2,5,98,23,76,57,59,44,11,61,65,19,45,85,83,40,75,76,82,59,5,74,95,66,65,3,28,63,2,20,35,8,73,1,1,88,26,19,36,30,63,9,1,37,57,5,60,39,37,1
9,74,63,38,39,84,63,35,42,59,32,18,13,5,1,55,23,21,21,7,100,73,74,95,28,5,24,21,12,37,74,84,67,7,53,100,100,100,20,91,73,56,57,68,71,83,35,49,85,99,100,8,76,54,100,63,99,99,94,99
21,18,12,46,26,92,66,68,51,5,88,41,66,35,27,35,36,58,57,59,85,69,61,57,60,70,48,44,47,33,76,73,35,3,68,49,44,70,48,68,28,6,56,52,51,64,39,73,79,30,31,51,42,29,70,55,65,71,70,39
1,1,1,1,1,1,97,42,55,1,1,1,20,1,1,97,61,81,27,1,83,9,1,1,22,43,1,64,57,1,1,100,1,1,51,1,1,100,49,89,59,1,1,5,74,13,11,1,1,1,11,1,2,1,100,100,100,50,96,1
92,69,77,77,72,82,72,70,76,74,68,85,66,67,65,71,19,78,71,6,1,31,63,1,24,11,31,74,18,87,35,24,82,87,29,76,89,81,63,23,22,24,15,54,34,69,14,22,27,30,32,20,15,13,29,20,53,63,55,22
84,97,28,93,78,62,65,77,62,30,71,20,71,16,11,71,67,83,76,1,31,30,37,51,85,91,79,80,79,77,24,26,19,77,93,100,93,93,63,78,92,33,28,76,69,98,32,90,100,85,100,22,82,72,100,86,100,87,99,77
22,100,91,86,100,100,20,31,72,27,82,49,19,57,1,62,1,59,49,73,25,1,19,1,32,30,32,33,41,17,24,60,19,1,50,67,45,100,1,1,62,1,12,70,59,1,38,44,44,81,49,48,31,58,22,1,20,32,49,53
65,11,68,15,13,98,60,68,28,56,16,28,7,14,14,20,1,2,4,1,53,20,25,13,85,50,70,67,15,22,50,62,77,1,73,59,24,57,11,30,53,27,89,5,29,29,45,72,76,36,81,74,57,50,86,99,88,33,90,54
62,19,14,18,77,63,9,12,13,14,13,8,15,41,14,88,57,50,27,8,69,46,13,8,23,8,19,8,21,25,70,78,7,11,19,58,63,64,6,12,8,13,15,15,16,17,7,9,53,17,64,48,76,52,42,24,79,75,72,7
32,15,15,22,9,14,39,4,41,71,19,54,58,18,61,61,18,69,28,31,73,26,75,92,50,82,38,39,14,25,27,74,70,11,61,72,25,79,21,72,58,58,31,24,18,54,62,60,74,86,56,68,71,45,82,62,74,69,54,73
32,1,27,51,58,84,21,78,2,23,82,2,9,62,81,74,71,100,79,58,6,1,71,83,69,59,22,74,61,4,27,44,71,5,12,2,1,2,16,7,8,46,8,1,23,1,2,61,33,45,4,2,2,2,3,2,1,2,12,1
100,100,100,100,100,100,100,69,100,27,100,69,57,77,100,100,81,88,62,90,29,1,1,1,83,76,1,66,63,1,10,39,57,1,42,92,100,100,1,81,61,75,90,85,28,94,55,28,77,85,66,63,90,83,100,100,72,100,100,100
85,57,39,17,71,44,70,68,66,88,84,66,75,32,41,19,44,35,33,56,65,45,69,14,41,14,10,45,31,40,16,58,60,36,39,79,79,66,41,28,32,31,26,43,31,41,84,90,55,38,45,93,48,41,43,33,22,30,13,35
100,84,96,100,52,98,99,96,96,94,100,90,100,95,98,52,39,14,11,18,100,13,56,49,18,66,84,30,48,13,41,59,100,51,41,12,97,90,4,100,13,52,47,11,2,46,90,8,5,15,6,1,7,6,11,42,13,8,16,66
100,98,100,100,97,100,85,100,100,100,95,100,100,100,99,100,1,100,95,96,99,82,50,84,35,71,80,16,1,70,100,100,94,88,42,70,100,100,1,78,99,35,41,1,2,3,27,29,74,97,86,54,89,83,100,100,78,59,36,32
92,60,76,96,91,66,52,35,46,30,92,94,57,62,91,33,26,31,41,55,42,63,66,65,77,44,73,2,46,46,31,74,75,51,65,17,14,13,36,21,8,4,9,3,5,31,12,27,24,64,44,12,32,42,13,30,8,20,16,5
1,62,1,84,1,1,60,1,50,1,1,1,20,50,9,37,59,81,63,55,100,57,27,82,94,65,89,77,21,37,77,100,36,54,89,100,25,100,11,68,100,8,25,1,7,32,76,100,61,91,100,53,70,96,79,18,88,99,100,11
100,5,100,7,1,100,100,100,68,73,1,28,100,32,51,81,11,77,19,16,100,3,80,79,100,100,100,100,100,100,4,100,100,92,100,100,100,100,28,71,85,18,23,96,95,88,66,100,8,81,31,100,100,27,9,1,100,100,100,14
92,17,100,22,83,100,52,100,36,65,47,99,74,47,25,54,11,10,25,30,80,26,1,1,51,16,63,50,1,17,4,83,45,10,10,14,51,51,99,93,95,10,46,52,1,51,82,45,50,53,22,15,24,1,99,9,15,49,51,13
64,26,47,34,1,35,61,65,39,14,9,13,1,1,1,73,57,51,58,4,92,71,1,1,42,31,1,62,46,56,39,100,1,9,60,32,81,82,11,4,44,1,1,75,1,47,10,63,1,1,1,1,1,1,1,1,13,43,19,3
78,74,80,77,79,81,75,75,75,76,78,18,65,32,34,70,65,81,85,74,75,67,69,66,73,35,67,71,42,81,73,90,31,65,64,70,69,70,71,80,73,51,37,86,39,44,26,74,79,74,50,84,65,48,79,37,37,85,69,79
11,100,2,100,99,99,99,100,100,99,100,3,8,1,2,3,6,2,2,53,100,6,3,1,3,3,8,1,2,1,1,4,94,9,4,4,99,100,100,6,4,2,1,1,1,1,7,1,1,3,1,98,97,1,1,1,1,1,6,24
40,19,20,14,19,16,85,44,86,69,22,84,85,27,2,71,71,65,68,64,91,60,87,88,34,29,9,7,11,17,92,53,22,18,30,31,28,79,25,91,76,77,84,64,38,44,72,82,67,90,70,95,62,75,61,19,68,36,21,100
77,46,36,68,72,61,41,35,73,42,47,6,35,57,20,11,85,75,39,29,99,62,36,23,83,18,86,68,60,56,49,37,20,41,90,36,74,49,73,14,10,26,41,18,20,44,81,27,55,58,90,21,77,81,45,28,80,70,66,76
51,27,86,75,99,93,100,89,19,8,11,25,100,32,81,100,99,100,87,82,100,88,85,84,96,95,85,65,83,86,96,95,88,39,87,95,53,96,56,100,100,50,100,65,61,92,92,42,88,91,91,71,75,74,75,88,88,94,94,50
82,49,79,81,63,56,63,38,52,76,91,55,67,50,82,60,100,62,61,82,73,78,91,68,49,74,64,73,48,69,29,78,64,77,73,93,96,63,19,61,77,51,57,67,82,81,60,59,58,64,87,71,82,64,100,64,59,61,82,65
67,14,70,9,5,25,1,100,1,23,100,1,25,1,1,100,1,100,100,99,100,18,100,100,100,1,1,1,85,1,75,100,100,6,12,100,21,100,33,100,100,92,47,1,75,100,29,100,4,100,100,100,56,9,79,78,74,1,86,75
99,94,88,88,87,95,89,80,48,48,69,39,2,49,49,84,18,76,47,51,77,14,18,30,44,67,49,51,36,50,25,71,50,33,89,92,84,93,5,77,77,68,94,12,38,65,79,83,93,87,57,85,92,82,80,50,32,96,97,75
100,1,61,1,80,100,100,100,56,1,1,26,1,72,1,51,28,88,95,4,100,44,1,1,98,92,99,64,44,11,35,79,61,89,95,50,94,100,1,100,20,37,37,34,10,100,61,67,65,87,69,100,49,39,1,1,100,95,73,3
71,84,98,100,80,93,9,86,65,1,41,13,5,32,70,64,22,94,58,1,1,1,81,1,24,38,9,56,44,40,96,44,9,71,13,40,40,98,17,93,81,69,100,1,94,100,93,20,80,95,56,28,25,19,88,83,50,89,87,100
77,82,73,100,80,64,71,95,61,49,10,1,1,5,8,64,77,66,25,80,100,6,100,100,78,1,1,1,8,13,89,100,65,1,79,10,28,8,1,81,63,25,38,30,3,25,1,1,1,100,100,1,100,72,8,1,57,73,11,8
67,70,28,76,30,92,96,75,46,15,24,27,31,40,57,55,55,62,38,50,72,44,34,69,51,64,62,68,38,58,74,91,94,1,63,49,79,100,31,22,18,16,13,28,1,61,59,51,63,70,64,29,66,60,74,32,75,84,73,58
88,90,73,88,72,90,100,72,79,84,73,40,92,56,50,70,27,45,39,94,88,24,33,59,47,36,37,53,35,42,60,33,49,67,67,31,54,57,52,31,34,34,24,71,27,56,60,35,77,58,46,35,23,68,18,69,67,65,59,36
11,7,64,66,1,100,73,23,31,22,60,1,37,71,63,39,79,34,53,24,100,96,34,75,95,85,75,12,4,23,100,100,68,50,92,84,89,98,1,88,97,15,26,100,41,98,100,89,12,16,12,31,23,3,52,20,86,100,84,27
82,97,100,98,100,100,76,84,96,93,96,77,83,16,79,82,11,83,77,4,1,4,65,65,47,26,33,23,22,27,55,75,35,34,44,97,92,99,64,16,37,30,42,41,22,26,24,33,80,68,38,96,71,50,48,41,61,61,63,38
100,95,94,98,62,99,90,94,95,91,98,99,97,93,100,60,99,81,89,1,1,66,97,97,92,88,90,64,59,78,81,95,98,89,74,92,72,52,2,85,28,68,72,37,51,43,86,80,82,98,85,13,83,79,70,44,11,60,66,28
68,23,28,33,27,70,21,80,22,24,31,19,9,16,16,20,30,8,5,22,99,100,63,64,81,84,75,77,75,68,67,92,91,85,80,96,100,98,27,89,79,5,47,94,51,39,54,62,73,36,29,92,30,30,93,72,65,44,34,67
66,31,73,14,20,62,66,51,15,33,30,51,61,10,80,89,68,67,79,34,47,97,84,87,80,81,18,64,47,32,77,82,49,13,73,98,56,57,34,71,81,89,83,84,22,91,23,62,92,69,77,78,83,45,65,100,84,61,100,91
60,1,37,29,53,31,26,37,21,35,61,49,53,1,1,40,44,1,20,66,64,55,53,50,69,48,65,33,50,59,45,64,51,1,50,87,65,76,33,42,31,45,54,61,62,4,43,94,82,91,68,77,69,73,29,60,1,100,77,100
1,1,1,1,1,1,1,1,1,1,1,1,1,67,69,94,82,88,86,1,100,32,65,76,100,68,1,69,60,60,43,100,90,53,89,100,100,100,79,100,100,1,1,62,44,100,100,100,46,100,100,84,100,84,99,66,100,100,100,60
59,1,61,62,1,67,1,84,1,36,95,100,73,2,11,100,100,99,100,100,100,100,100,100,2,1,2,2,1,1,93,51,1,1,1,100,100,100,100,100,100,18,100,100,100,52,78,89,56,100,100,63,100,100,2,23,100,100,100,100
100,88,100,100,100,100,28,100,100,100,100,100,1,1,55,100,100,100,13,100,100,100,1,1,100,21,80,1,1,1,100,100,100,1,100,71,1,100,1,100,33,100,100,1,37,1,100,25,100,1,1,77,100,1,1,78,1,1,1,32
97,96,97,100,90,99,91,95,97,87,100,78,86,60,49,86,88,85,51,91,100,88,82,57,82,89,75,94,82,93,87,100,92,67,96,49,56,70,75,90,100,94,52,94,57,65,90,87,36,47,57,64,61,47,84,1,35,61,64,50
88,18,22,39,17,38,48,52,17,35,23,7,16,34,30,83,90,96,89,1,1,1,40,100,89,20,24,76,33,14,1,94,68,20,72,92,82,73,47,68,100,32,61,1,36,49,82,60,12,78,91,20,74,25,20,9,87,68,52,67
57,70,82,75,73,89,13,74,54,58,89,12,1,22,15,100,1,100,100,1,100,100,86,53,30,9,49,1,1,1,1,1,84,1,25,100,100,100,1,77,100,83,100,48,100,27,72,89,100,99,100,93,96,100,100,83,80,100,94,100
63,42,79,89,75,82,43,86,48,86,68,34,78,60,70,16,74,12,15,78,92,53,24,27,25,12,83,11,8,12,89,71,70,6,45,91,97,100,10,88,79,14,68,1,79,6,6,8,60,95,76,100,72,85,73,69,43,29,73,15
56,26,58,65,44,76,61,72,49,51,76,18,20,29,59,27,10,26,19,19,37,18,17,54,49,11,35,37,40,29,41,60,13,58,28,41,58,61,57,10,23,3,21,17,20,14,15,31,27,94,64,82,14,53,57,33,86,71,57,28
65,45,61,55,39,74,76,50,38,22,44,49,9,21,32,59,63,67,41,53,92,35,80,79,61,53,71,19,19,34,74,85,58,11,64,91,75,96,36,78,65,18,96,23,16,69,59,78,80,94,86,66,76,89,82,64,79,97,84,69
63,100,89,96,89,86,91,100,46,2,84,1,1,3,11,48,3,64,52,1,100,100,1,5,2,1,1,10,2,1,100,1,11,4,1,43,58,54,12,59,76,97,65,100,73,95,87,56,49,80,51,86,53,51,63,3,61,61,100,100
38,49,72,76,76,72,58,54,66,81,29,41,59,68,49,51,53,74,74,49,80,62,86,50,73,48,81,51,69,49,51,51,60,75,60,77,15,16,60,31,83,34,44,63,66,68,43,49,59,82,52,56,53,87,25,84,28,39,84,81
98,1,6,100,1,50,82,100,1,1,68,92,1,19,1,42,65,54,40,77,100,56,16,75,91,64,91,37,76,22,41,100,53,19,100,100,100,100,82,100,89,34,84,37,100,80,11,27,2,91,100,13,47,49,100,11,99,100,100,72
