"term","estimate","std.error","conf.low","conf.high","conf.low50","conf.high50","p.value","group","p.stars","p.label"
"b_Intercept",-0.00501551,0.06094034562,-0.1257678,0.118139075,-0.045997425,0.03616905,0,"Experiment One","***","-0.01"
"b_zleft_rating",0.966135,0.1050763098,0.76106885,1.195917,0.8978245,1.04005,0,"Experiment One","***","0.97"
"b_zleft_net1",-0.04442275,0.061910321844,-0.168745525,0.0793862075,-0.08677025,-0.0031277375,0,"Experiment One","***","-0.04"
"b_zleft_net2",0.115596,0.11442514062,-0.11666785,0.35084285,0.037176375,0.1917325,0,"Experiment One","***","0.12"
"b_zright_rating",-0.826331,0.1073298618,-1.060015,-0.621941575,-0.89929875,-0.75437775,0,"Experiment One","***","-0.83"
"b_zright_net1",0.02777765,0.06483802689,-0.10277955,0.160122875,-0.015459675,0.0719568,0,"Experiment One","***","0.03"
"b_zright_net2",-0.1800785,0.1154167035,-0.412384775,0.0489854624999998,-0.2583815,-0.10276575,0,"Experiment One","***","-0.18"
"b_zleft_rating:zleft_net1",0.1475715,0.0669897984,0.0148083550000001,0.279558325,0.10206275,0.192375,0,"Experiment One","***","0.15"
"b_zleft_rating:zleft_net2",0.189753,0.0679141995,0.05826554,0.3236566,0.1442495,0.23578125,0,"Experiment One","***","0.19"
"b_zright_rating:zright_net1",-0.05610095,0.0648674565,-0.184926575,0.0707477974999999,-0.099967125,-0.012421425,0,"Experiment One","***","-0.06"
"b_zright_rating:zright_net2",-0.03535435,0.066451844403,-0.166099025,0.09403525,-0.080303425,0.00924769,0,"Experiment One","***","-0.04"
"b_Intercept",-0.0115569,0.04325492913,-0.0995338275,0.0751820699999999,-0.04071235,0.01761925,0,"Experiment Two","***","-0.01"
"b_zleft_rating",0.7968485,0.0603796263,0.681562225,0.92086135,0.75756625,0.83907175,0,"Experiment Two","***","0.80"
"b_zleft_net1",0.03445075,0.037269324519,-0.03992488,0.107662325,0.009214335,0.0594922,0,"Experiment Two","***","0.03"
"b_zleft_net2",0.119496,0.04679018883,0.02496062,0.21342495,0.0877955,0.15075825,0,"Experiment Two","***","0.12"
"b_zright_rating",-0.814687,0.062224722,-0.94160345,-0.6963004,-0.85688125,-0.772916,0,"Experiment Two","***","-0.81"
"b_zright_net1",-0.007185,0.03999698976,-0.086949915,0.0721280974999999,-0.034355975,0.019592775,0,"Experiment Two","***","-0.01"
"b_zright_net2",-0.0956489,0.05210805264,-0.1991683,0.0068589629999998,-0.1307095,-0.060421475,0,"Experiment Two","***","-0.10"
"b_zleft_rating:zleft_net1",0.06661035,0.03800385645,-0.00747822699999999,0.14195255,0.041122875,0.09236905,0,"Experiment Two","***","0.07"
"b_zleft_rating:zleft_net2",-0.04354045,0.03726240819,-0.116650125,0.0284854574999999,-0.06902895,-0.018753225,0,"Experiment Two","***","-0.04"
"b_zright_rating:zright_net1",0.04210675,0.03730725684,-0.03060109,0.115970375,0.017257575,0.067676075,0,"Experiment Two","***","0.04"
"b_zright_rating:zright_net2",0.04936795,0.0376535922,-0.025690645,0.12486285,0.023974075,0.074766625,0,"Experiment Two","***","0.05"
"b_Intercept",0.0387418,0.04440201675,-0.049444115,0.12734215,0.00821643,0.06809155,0,"Experiment Three","***","0.04"
"b_zleft_rating",0.9571475,0.0525144333,0.854958725,1.06451225,0.92144125,0.9922705,0,"Experiment Three","***","0.96"
"b_zleft_net1",-0.01093345,0.03231348939,-0.075014785,0.0520002699999999,-0.032639225,0.0109112,0,"Experiment Three","***","-0.01"
"b_zleft_net2",0.0431029,0.04843224246,-0.05248437,0.139309575,0.010662225,0.076007375,0,"Experiment Three","***","0.04"
"b_zright_rating",-0.9910605,0.0708556779,-1.13536025,-0.851388725,-1.0392325,-0.94354,0,"Experiment Three","***","-0.99"
"b_zright_net1",0.02942845,0.04365261552708,-0.0568380875,0.1149412,-3.626425e-05,0.058858225,0,"Experiment Three","***","0.03"
"b_zright_net2",-0.02148595,0.04706002203,-0.115576325,0.071479385,-0.053451125,0.010007325,0,"Experiment Three","***","-0.02"
"b_zleft_sim",-0.02723875,0.031086356196,-0.087649985,0.03269552,-0.048471625,-0.0064815425,0,"Experiment Three","***","-0.03"
"b_zright_sim",-0.001355645,0.03120027918,-0.0620077575,0.0594833074999999,-0.02266765,0.019375275,0,"Experiment Three","***","-0.00"
"b_zleft_rating:zleft_net1",0.05527725,0.03385613469,-0.0126409725,0.12323845,0.032299025,0.078018175,0,"Experiment Three","***","0.06"
"b_zleft_rating:zleft_net2",0.0898256,0.03478913487,0.0223381375,0.1578454,0.066439075,0.11339975,0,"Experiment Three","***","0.09"
"b_zright_rating:zright_net1",-0.01880915,0.03579337398,-0.0884034575,0.0522600724999999,-0.0427891,0.0055580475,0,"Experiment Three","***","-0.02"
"b_zright_rating:zright_net2",-0.0646284,0.0353066364,-0.13335835,0.00324101399999997,-0.088570875,-0.040948675,0,"Experiment Three","***","-0.06"
