stimulus,subgraph_mean,se,subgraph_sd,mod,ed,st,d,ec,c,pca1,pca2,pca3,set_precision,experiment
1,0.3934958857673087,0.03445335178255784,0.2983747788921696,-0.5,0.06666666666666667,0.005447889435193797,0.06666666666666668,0.3333333333333333,0.9922953531787816,-0.34818792123676046,-0.8676698980035222,0.35082931024260233,52.94382901121771,2
2,0.36212564527925967,0.03142935725042632,0.27218621803485826,-0.5,0.06666666666666667,-0.00371445162569696,0.06666666666666668,0.33333333333333337,1.0050247649373558,-0.8981784646656827,-0.12663618840996727,0.4321961566856447,22.77131884357113,2
3,0.629369695464257,0.03381373687357638,0.29283555129399746,-0.5,0.06666666666666667,0.012233134079990049,0.06666666666666668,0.33333333333333326,0.9854224579721398,0.4187568243630509,-0.4944973725366996,-0.3362829201629717,42.00303186415362,2
4,0.6216325665657559,0.02954906975293947,0.2559024506424395,-0.5,0.13333333333333333,0.03911108058995653,0.13333333333333333,0.3902734644166457,0.9574353191458379,0.7835056838297748,0.08724197118939808,-0.37614268277689444,26.105637415732858,2
5,0.5535112506649601,0.02987021044690382,0.2586836106340604,-0.3888888888888889,0.2,0.038819833584026436,0.2,0.4503453528406807,0.9539184233033625,-0.049214501551445876,0.2159495634713046,0.005246553774267949,22.401251387149017,2
6,0.5411677821940902,0.03196139502738256,0.2767938003410293,-0.5,0.06666666666666667,0.005539073575064118,0.06666666666666668,0.33333333333333326,0.9926277485929359,0.17148902952117212,-0.5781980666889696,0.09332109215529771,35.662980944797994,2
7,0.4335260415765526,0.03238522294442097,0.2804642577709124,-0.375,0.13333333333333333,0.011245944179783099,0.13333333333333336,0.3902734644166457,0.9863350638793663,0.1520217280260831,-0.28082947707107625,-0.25215384924615963,36.816092571359725,2
8,0.5359661227669994,0.03153806500223959,0.27312765478144413,-0.375,0.13333333333333333,0.001919549059483648,0.13333333333333336,0.3902734644166456,0.9973534662754483,-0.14340773728211548,-0.8459505789849782,0.11958271980095893,58.37325081817084,2
9,0.39356040459980146,0.02843717505347974,0.24627316008178557,-0.375,0.13333333333333333,0.019804163553526193,0.13333333333333336,0.3902734644166458,0.9746619243427218,-0.12644225363007652,-0.14878920701212567,0.08477063082244583,35.72544272394517,2
10,0.5113841599059242,0.033080523976697015,0.2864857413431984,-0.375,0.13333333333333333,0.07330937025305934,0.13333333333333336,0.39027346441664557,0.9117759100102717,0.4422487441347789,0.04244444777701062,0.09524529719593874,20.6493431466396,2
11,0.5062605508443098,0.031082147719387932,0.26917929529170503,-0.375,0.13333333333333333,0.029425055536749064,0.13333333333333336,0.3902734644166457,0.9682996035225514,-0.4533940101020783,0.6952541780145582,-0.5183192860648708,20.498159599241188,2
12,0.5807317916451715,0.030279011625434685,0.26222393269110783,-0.375,0.13333333333333333,0.01735064178402041,0.13333333333333336,0.3902734644166456,0.9757961126255319,-0.6847315268468556,-1.1063643050455672,-0.0693106269182953,60.07753755650829,2
13,0.5185657664130828,0.03153786412467908,0.2731259151307396,-0.375,0.13333333333333333,0.02019900762162936,0.13333333333333333,0.3333333333333333,0.9720596172951117,0.5736136069762137,-0.8732655098152703,0.22334623446755647,44.75133307223818,2
14,0.5269687804565045,0.030897718288672354,0.2675820895696531,-0.375,0.13333333333333333,0.005187779397895142,0.13333333333333336,0.3902734644166457,0.9939716590040543,-0.053564662780844,0.20119476604630432,-0.11324487973938333,32.471976975155755,2
15,0.6518896650868485,0.02933754052869542,0.25407055382405785,-0.375,0.13333333333333333,0.021147404713932415,0.13333333333333336,0.39027346441664573,0.9746984731790237,1.5136079290403988,-0.6730613567827171,-0.20273238439055252,43.03857934041371,2
16,0.6232733543140418,0.02838337461862453,0.24580723464859294,-0.33333333333333337,0.2,0.016567520010385403,0.2,0.44325876692145666,0.9762756265196502,-0.46684182951507947,-0.8305439647933923,0.19535155519394226,54.44708018388887,2
17,0.48454077596254896,0.03044169032945535,0.26363277159447407,-0.33333333333333337,0.2,0.05888947926595186,0.2,0.39598555447052575,0.9278363437102033,1.1095607807142387,-0.40468444122411423,0.19218335978193757,44.458350350172495,2
18,0.3785859319906989,0.031840216705619845,0.2757443652906846,-0.2222222222222222,0.2,0.11845678556029313,0.2,0.4552650111527089,0.8658563495145667,-0.4958561251584878,0.346304418378419,-0.20593470285892643,19.949322634512086,2
19,0.5371052025109909,0.03035009266746697,0.26283951257238214,-0.2222222222222222,0.2,0.12824697208513325,0.2,0.4553122587500539,0.8534828244507058,1.0745096160192114,-0.3072945244879136,-0.27750828078686485,36.88089928335077,2
20,0.5899692777866226,0.025524577515632467,0.22104932549402811,-0.21875,0.26666666666666666,0.049977834042457175,0.26666666666666666,0.5254394879423935,0.9433479920127186,-0.6525256370281592,0.35744882589343724,-0.41785487692314394,30.34663903407492,2
21,0.5321860384232862,0.029771167354420165,0.25782587229245824,-0.2222222222222222,0.2,0.037939854715834456,0.2,0.4499914239844284,0.9522439641480606,-0.07042852822206647,-0.17168626687844663,0.14860698783929246,49.19236154196269,2
22,0.48137957390326763,0.02966944032336229,0.25694489036098134,-0.2222222222222222,0.2,0.029784622857544935,0.2,0.4396634096477355,0.9631968589155653,0.2148630482512733,-0.25929013173816906,-0.11572388065864543,30.83156650322303,2
23,0.6796395336130469,0.027198811151599944,0.23554861410021033,-0.21875,0.26666666666666666,0.10897002418958683,0.26666666666666666,0.4954541293019964,0.8759069419982668,-0.21432132398569043,-0.07795391561396167,-0.5040237221954923,44.19067935608618,2
24,0.6452243518277975,0.027678651576758282,0.2397041540797088,-0.15625,0.26666666666666666,0.10756605614668166,0.26666666666666666,0.4552059914606611,0.8730618456080467,1.4443196981395465,-0.1694815158436111,0.12798162497856935,34.64675530251732,2
25,0.5549489412944256,0.03092069249456431,0.26778105202899516,-0.21875,0.26666666666666666,0.0546629892890481,0.26666666666666666,0.3997018182427285,0.9377370672832229,0.059457505799185614,0.4805128243802802,-0.11729195479960057,34.82251767434395,2
26,0.47637551657140387,0.03098210759836478,0.2683129224296678,-0.125,0.13333333333333333,0.06160236535615089,0.13333333333333333,0.3902734644166457,0.9247079821169855,0.34390156147359136,-0.12321824238249444,-0.27617695345193455,42.35692702881202,2
27,0.5080169586877876,0.028388534128064587,0.24585191731105452,-0.2222222222222222,0.2,0.01565315036905365,0.2,0.3902734644166458,0.9795332394235808,-0.3229413278411939,-0.6727951784572835,-0.15054746804322733,52.46866328447411,2
28,0.6853934878006183,0.03278144149640961,0.2838956110856409,-0.09375,0.26666666666666666,0.1292081713148062,0.26666666666666666,0.4632148916177714,0.8489876072013072,0.42759443371253053,-0.3227208585430999,-0.49977770003899186,24.11285524318141,2
29,0.6834552287683611,0.026845882887246215,0.23249216567377154,-0.125,0.13333333333333333,0.0377451556992212,0.13333333333333336,0.3902734644166457,0.9527823402140071,-0.34966746107802205,0.0013954591003371524,0.31251715223334675,27.128579108081922,2
30,0.44895845410752994,0.033439355972710284,0.28959331758558,-0.125,0.13333333333333333,0.01554060581539108,0.13333333333333333,0.3902734644166457,0.9831715233407821,-0.19385458187616966,0.7271474342563166,-0.19131851504137667,20.45334065349997,2
31,0.619321782266626,0.033634833943553974,0.29128620647188874,-0.09375,0.5333333333333333,0.11918424721559495,0.5333333333333333,0.7760294333094676,0.8464591227591348,-1.1486658769789488,-0.25481631123360055,-0.025641884890910314,31.54346254523759,2
32,0.8214718190755097,0.021517207734999745,0.186344485170168,-0.12000000000000002,0.6666666666666667,0.3520742620252531,0.6666666666666666,0.7432271759065224,0.616868398581454,-0.7642897947681373,0.882025643928978,-0.4329798071516274,16.120879406113865,2
33,0.41722538446580465,0.033000086360563154,0.28578913115328053,-0.16666666666666669,0.2,0.009432498531834524,0.2,0.4437424218082431,0.989376681430999,-0.08313105034776958,0.5412046561257332,0.10193841088803399,32.603850112388514,2
34,0.40717986359148156,0.03183822233390728,0.27572709352500785,-0.125,0.13333333333333333,0.006164136319404887,0.13333333333333333,0.3902734644166457,0.9922549110928199,0.058518130792105216,-0.2996234931510399,-0.05007285513963455,52.32891584545365,2
35,0.6253189545538852,0.031236259245843986,0.2705139402609745,-0.05555555555555547,0.2,0.13993948473650544,0.2,0.3910452023808484,0.8200923788384956,0.28386776341777087,-0.22480122786656465,0.20963841718555562,39.76299600754343,2
36,0.6074282419363506,0.030141578458751192,0.2610337265544034,-0.125,0.13333333333333333,0.030909373218500437,0.13333333333333336,0.3902734644166456,0.9615194785016752,0.7156785243565917,-0.3501564617276675,0.04488936456886694,33.556417203609676,2
37,0.4288704913659654,0.028817775051156493,0.24956925274846922,-0.125,0.13333333333333333,0.13037893522303806,0.13333333333333333,0.3902734644166456,0.8472504812760341,0.8734111128978171,0.2068514342373306,0.09866181869430474,22.378053636910597,2
38,0.5371055885919606,0.031289569509110174,0.27097562068368397,-0.125,0.13333333333333333,0.06135376056549476,0.13333333333333333,0.33333333333333326,0.929631292073502,-0.06248363839444138,0.5036134129888299,-0.04616878832680175,33.57392059100002,2
39,0.6140644261902999,0.031131974561819563,0.26961080840506657,-0.09375,0.26666666666666666,0.032489649429556546,0.26666666666666666,0.49195648191055386,0.9624491653489042,0.25054058206222696,-0.0535321389143678,-0.2067594173702429,26.6599700632495,2
40,0.5495595198630296,0.030428163378469042,0.26351562476257523,-0.09375,0.26666666666666666,0.09455703844083473,0.26666666666666666,0.5072127080044981,0.8987513903986096,0.5022220256626005,0.606768967383884,-0.2887569863661874,19.005730156729662,2
41,0.6166289623145278,0.026245812768284298,0.22729540600304185,0.020000000000000018,0.33333333333333337,0.10078987807242767,0.33333333333333337,0.6018476715794989,0.8902214453833386,-0.1480113989362384,0.7648553121560351,-0.15091844285865455,24.601770605731183,2
42,0.4754482867522682,0.03167582199833892,0.27432066536315464,-0.06000000000000004,0.33333333333333337,0.09227486041025257,0.33333333333333337,0.556509137551048,0.896224918246378,0.64216569676298,0.24831692236194616,-0.1675448672126478,37.284507295565504,2
43,0.5543770132744709,0.03076664264244001,0.26644694117510637,-0.020000000000000046,0.33333333333333337,0.14150815999420746,0.33333333333333337,0.39520447174439827,0.8352466721068207,0.38633348861211425,-0.04258924606899002,-0.2871988558292331,46.74130793382493,2
44,0.5120119928540363,0.033891716529936756,0.2935108749278621,-0.03125,0.26666666666666666,0.044243888299254464,0.26666666666666666,0.5083999383029648,0.9442118461225828,-0.6510304736111474,0.18240865187381822,0.2734741078014145,28.9216519253185,2
45,0.6403741603244112,0.030992478859875546,0.268402740189044,-0.013888888888888864,0.4,0.08858698682280783,0.4,0.630439308299382,0.9009512573620406,-1.4569712541447195,1.1987854147768844,-0.005071404725651411,17.488796732263623,2
46,0.7141723097326599,0.028780762505630227,0.24924871470162452,0.11224489795918369,0.4666666666666667,0.42338535043930736,0.4666666666666667,0.6963241175917266,0.4658741342974572,0.33382084661914313,-0.8838206340024838,-0.20680654148782396,72.73187657054679,2
47,0.5710817612797163,0.02804206521652302,0.24285140852088913,0.125,0.13333333333333333,0.009910140829315317,0.13333333333333333,0.3333333333333334,0.9880512137530351,-0.08689616927621092,0.16164087128885618,0.020604463231855222,30.604016775055424,2
48,0.5941070643153539,0.03176771607752122,0.2751164914334472,0.125,0.13333333333333333,0.08289070782443089,0.13333333333333333,0.33333333333333337,0.8998348157752912,1.4111297047592435,-0.3983733366462644,0.18777765574981564,25.35382139152841,2
49,0.5498377342583817,0.0297973695398721,0.25805278987481867,0.09375,0.26666666666666666,0.0286117542643712,0.26666666666666666,0.4969930652129254,0.9691624250147689,-1.2634859460640457,0.8588863927929555,-0.45112305535826513,20.434206955925802,2
50,0.6260071942441627,0.028959325754732364,0.2507951178006719,0.060000000000000005,0.33333333333333337,0.1361293730242014,0.33333333333333337,0.5197125852413718,0.8460555089410748,0.36280841854567414,0.21873840683770057,-0.2764559721537863,21.798278081038042,2
51,0.6125636086096451,0.03155242222769607,0.27325199200117584,0.125,0.13333333333333333,0.1818170128074711,0.13333333333333333,0.3333333333333333,0.788566729959454,1.0888383003320725,-0.5233332389465434,-0.3388815037121068,27.788220471729588,2
52,0.5502089548062745,0.03026001570896762,0.26205942322882136,0.15625,0.26666666666666666,0.09621118779450152,0.26666666666666666,0.4552084252623315,0.879333005676073,0.07423916007818325,0.1392555804984229,0.24071301224366573,23.17817490750754,2
53,0.5279428621738697,0.027879201878444945,0.24144097063968165,0.16666666666666663,0.2,0.05521092326982939,0.2,0.45125707848640145,0.9369087223109042,-1.0241517437947578,0.44091287952350705,-0.3896173218868787,25.830156835311485,2
54,0.5274228549549567,0.03205188398797587,0.27757745772738784,0.15625,0.26666666666666666,0.04048043884662805,0.26666666666666666,0.567042006662196,0.9429252064691419,-0.9524697806737882,-0.37182587807952716,0.5343061908654154,29.305063494648973,2
55,0.7114279649624873,0.03002609524009409,0.260033612543725,0.21999999999999997,0.33333333333333337,0.23217629764108189,0.33333333333333337,0.5544415905919546,0.7447154755589123,-0.2339273329073011,0.7428550839807003,-0.18232452762259668,21.05728932143521,2
56,0.5365054714492966,0.028571851364275667,0.24743949114615799,0.16666666666666663,0.2,0.06340484801893781,0.2,0.33333333333333326,0.9226538717116766,-0.1306865351613402,0.4216881254502913,0.5941710142090757,20.665896007920175,2
57,0.5812483888621301,0.030150086912743554,0.2611074119274466,0.125,0.13333333333333333,0.09155889756642983,0.13333333333333333,0.33333333333333326,0.8998026053920127,0.34746353206819786,0.49332748667697907,-0.29536689484847484,21.727594327414153,2
58,0.6764674513774194,0.027363487238085744,0.2369747508431354,0.22000000000000003,0.33333333333333337,0.19081926329011478,0.33333333333333337,0.5548494230494896,0.7589610413909813,0.8110444652028176,-0.7293327928266666,-0.3279566324108679,30.26344253245378,2
59,0.5165893231962432,0.02876170879960851,0.249083704767114,0.16666666666666663,0.2,0.04432755812175829,0.2,0.39027346441664573,0.9427067471935301,-0.2092905080911982,0.17247533606949977,0.45755077583686227,29.033358738004825,2
60,0.6479094291619838,0.02825514856312138,0.24469676443366495,0.1399999999999999,0.33333333333333337,0.19840574916525036,0.33333333333333337,0.511348609196242,0.727598087690723,0.26260447468526754,-1.355710282895726,-0.3249272010640994,58.03208192449033,2
61,0.7590923848363406,0.025285922117970972,0.2189825091227768,0.16666666666666663,0.2,0.13022095251954147,0.2,0.4676474537521309,0.8555340109606553,0.615928325921019,0.2851591065197983,-0.2849919403723731,27.304405365411586,2
62,0.6198106475701818,0.028258953911414413,0.24472971971658508,0.1796875,0.5333333333333333,0.18732406360074985,0.5333333333333333,0.6635874048356971,0.7822822158679277,-1.409816195782151,0.9157244550524604,0.2684123197337999,21.971141295158827,2
63,0.45266333446867146,0.028854245399062325,0.24988509522618232,0.27777777777777773,0.2,0.18100062266476463,0.2,0.33333333333333326,0.798981824384648,0.032913427247022065,0.06696397298319436,-0.28804343277477595,30.043110518937233,2
64,0.5368879329141847,0.030936325449925788,0.26791643739378784,0.28125,0.26666666666666666,0.08641106278751406,0.26666666666666666,0.47088920909806287,0.8977887428374921,-0.0529512354565503,-0.15543559560468348,-0.3644737971013984,50.45461112927304,2
65,0.49663502056668724,0.029855429095136898,0.25855560037273606,0.27777777777777773,0.2,0.07438873862211644,0.2,0.3333333333333333,0.9044250084781095,-0.21291006293522804,-0.2784153741554984,0.05330525482396475,59.43501125643242,2
66,0.495383756797053,0.029404878512041314,0.2546537178662294,0.21875,0.26666666666666666,0.08539568558697634,0.26666666666666666,0.44539831578243616,0.9050836827564643,-1.3561963095518064,0.8989122890319097,-0.0386937399725642,21.2715264516628,2
67,0.4812964426924678,0.029182224412430652,0.2527254768010336,0.28125,0.26666666666666666,0.11014913345331608,0.26666666666666666,0.3333333333333339,0.8636025518948411,-0.42253863429005084,0.6173021521094789,0.6206630502288953,20.319994225444226,2
68,0.610630453441018,0.027563778011296333,0.2387093198205754,0.2777777777777777,0.2,0.05187666926612971,0.2,0.3333333333333345,0.9367373167019788,0.22060846058174705,0.11929647264858742,0.44469450686664197,45.643375436554024,2
69,0.46685249295130876,0.029772392449441857,0.25783648192656655,0.26,0.33333333333333337,0.07774768048580186,0.33333333333333337,0.48986099774386405,0.9046965078644035,-0.6912397452933471,0.41221586024392554,0.22157579983295433,26.12103423813748,2
70,0.4283017073178799,0.030820751958730387,0.2669155415999951,0.375,0.26666666666666666,0.0422214157136875,0.26666666666666666,0.4682704326095548,0.9512524826502715,0.2674318854133083,0.04920214896420515,-0.11452543805196053,33.644151247586905,2
71,0.7370783723227917,0.02744384806698766,0.23767069603611773,0.375,0.26666666666666666,0.10984520976006429,0.26666666666666666,0.47256223655775026,0.875777908324492,0.8818640600514382,0.7483190635161913,0.36527179217745254,20.058909884393216,2
72,0.5285270097629502,0.027785767006597,0.24063180091348502,0.3888888888888889,0.2,0.05287280433143072,0.2,0.33333333333333376,0.9411679505588642,0.8723396254181917,0.4209346368555513,0.06922264187411781,30.460365090504922,2
73,0.49870586381734694,0.03484690808987502,0.3017830764917323,0.4444444444444444,0.2,0.008895487625933264,0.2,0.3902734644166454,0.9893266791470511,0.2695679547432086,-0.15690242958925082,0.3201572702725928,51.85294975461602,2
74,0.4465418385226112,0.0334899658372778,0.2900316118695556,0.31944444444444453,0.4,0.10241602430648909,0.4,0.6964593447029562,0.8565086596916875,-1.0094711429583256,-0.5875366034050467,-0.1077996490946665,47.14855972963808,2
75,0.4726906293843351,0.03262296859539684,0.2825231955047561,0.4444444444444444,0.2,0.10978404460597856,0.2,0.3333333333333385,0.8712638699605583,1.1471428394104695,0.463368724551051,0.32506664303126054,26.491001595778865,2
76,0.6176770598817808,0.026796577222582357,0.23206516609227776,0.4444444444444445,0.2,0.1255665538174828,0.2,0.3333333333333339,0.8613595481621373,0.7042084987176467,0.6917800833789958,-0.04025974684010686,27.256098543067843,2
77,0.40894724206193694,0.03244593240588532,0.28099001712969435,0.5,0.13333333333333333,0.033068391168675396,0.13333333333333333,0.33333333333333337,0.961376326335179,-0.24819967364987905,0.38680241743125005,-0.017640309764850287,26.062293945212105,2
78,0.5128395278818797,0.03339392154288339,0.28919984388121456,0.5,0.13333333333333333,0.130841003503759,0.13333333333333333,0.3333333333333332,0.8416355608222986,0.4653816808591143,0.555808727861934,0.6044208531538258,34.08998514103973,2
79,0.5237818757746078,0.029848815173755386,0.25849832213338586,0.4444444444444444,0.2,0.08450428643657734,0.2,0.3933816935922739,0.9067701341895319,-0.9612950787928777,0.805940832527245,-0.23528726172367992,33.237708408003286,2
80,0.5622094099589212,0.03018276128419411,0.26139038028473527,0.5,0.13333333333333333,0.1732586712007199,0.13333333333333333,0.33333333333333326,0.7880551557226055,1.4209720573878528,-0.5402415574099982,0.11095780386482032,41.87113846671613,2
81,0.6348613704460756,0.03220606380500149,0.27891269411033803,0.5,0.13333333333333333,0.041157070516578756,0.13333333333333333,0.3333333333333333,0.9492294248094127,0.3813789694745044,-0.0020530391230610956,0.17912599286557723,26.944313756181558,2
82,0.574338347233816,0.028009096663136248,0.24256589247329943,0.5,0.13333333333333333,0.12604661594903915,0.13333333333333333,0.33333333333333326,0.8640038398117017,1.7123430356105644,0.1093083151234765,-0.15044783750586185,31.598992560044504,2
83,0.48164208049489127,0.029601653118776623,0.2563578359487541,0.5,0.13333333333333333,0.014375908648515689,0.13333333333333333,0.3333333333333333,0.9818017490188726,1.0844302744109093,0.10334084885919755,0.6667611634470211,28.97119173575841,2
84,0.3815499467847492,0.03146224761050022,0.27247105690849444,0.4444444444444445,0.2,0.04119037407070205,0.2,0.3902734644166456,0.9477722653508872,0.105833658589679,0.4620443007765575,0.9774060430495566,20.077263730657407,2
85,0.5610603180558884,0.02940772468215635,0.25467836642246056,0.5,0.13333333333333333,0.06746869700930651,0.13333333333333333,0.33333333333333326,0.9160540144010237,0.22513397740047636,0.2421000302388286,0.28064407581705025,24.141599454937552,2
86,0.5599252615310433,0.02956667445422131,0.2560549118278006,0.5,0.13333333333333333,0.17928794362231792,0.13333333333333333,0.33333333333333326,0.7973734911135956,-0.2539674573872728,0.4069929894507824,-0.3123844214867487,20.551727252709245,2
87,0.559640509822065,0.030035415622884986,0.2601143294264241,0.5,0.13333333333333333,0.02515121922157323,0.13333333333333333,0.3333333333333332,0.9695574449068102,0.9331633834846188,-0.19072614030639945,0.316352735618113,52.98915584791894,2
88,0.5867523896911413,0.028425363898212565,0.24617087247669142,0.5,0.13333333333333333,0.0870208301171826,0.13333333333333333,0.33333333333333337,0.8948600096339419,-0.5481740474185475,0.5510080214784634,0.397069963588733,28.78096953592803,2
89,0.5430593004942178,0.03183862696333287,0.2757305977186246,0.5,0.13333333333333333,0.20986076992684188,0.13333333333333333,0.33333333333333326,0.7659638709966555,0.7051955496063465,0.09170981119175836,-0.4769159758460907,33.33252823661242,2
90,0.5124597552284161,0.029392588529688887,0.2545472834969368,0.5,0.13333333333333333,0.06269978138448375,0.13333333333333333,0.33333333333333337,0.930089302139487,-0.01821630021390789,0.491062171180316,-0.005779006067904232,24.00416555012034,2
91,0.5350840712080229,0.0296860346145924,0.2570886011386121,0.6666666666666667,0.2,0.2088433323541736,0.2,0.33333333333333315,0.7476486784097864,-0.23480002520776266,0.09531537520003291,0.2274142994954897,24.96708819184144,2
92,0.443275712960449,0.033107020699132135,0.2867152096906567,0.6666666666666667,0.2,0.11316541659372067,0.2,0.33333333333333326,0.8617512929703047,-0.6591027542309587,-0.06479930263620637,-0.10531879903931658,26.102488893540297,2
93,0.4864374005190683,0.03144887910399922,0.2723552822460891,0.6666666666666667,0.2,0.12311447316160043,0.2,0.33333333333333326,0.8608564431546695,-0.4329658989997045,0.6730852827935819,0.1417874300411039,27.680902407102668,2
94,0.5565221989700876,0.03025512529391248,0.26201707099209337,0.6666666666666667,0.2,0.09112415295203827,0.2,0.33333333333333354,0.89386429178071,0.48386457914045167,0.2277288881718738,-0.2284401298268432,21.837808410481106,2
95,0.5795749681858885,0.03083834555102542,0.2670679065787084,0.6666666666666667,0.2,0.035703247725106066,0.2,0.3333333333333333,0.9589760963139167,-0.007253092712865191,0.6181288526106059,0.19212934363786255,27.63855723154861,2
96,0.4832564651636439,0.03176385250889876,0.275083031947684,0.6666666666666667,0.2,0.047976412509731975,0.2,0.33333333333333337,0.94369075843455,-0.3413348297225101,0.1419496829388486,-0.07601736870365909,59.38043465094487,2
97,0.4837985931697143,0.03135606338642174,0.2715514745531634,0.6666666666666667,0.2,0.10411060130977151,0.2,0.3333333333333332,0.8740144682309723,1.1005166053092694,0.2072766225190391,0.564068994816175,37.929652027824304,2
98,0.6248746636358858,0.03373284959732145,0.29213504693320047,0.6666666666666667,0.2,0.3951867462675965,0.2,0.3333333333333332,0.5584556308397562,1.972903572890323,0.3900530999016537,0.5534852617083433,27.28715380746608,2
99,0.4724429505094092,0.031165622533821387,0.2699022083904607,0.6666666666666667,0.2,0.13360399429572356,0.2,0.3333333333333333,0.8446078875263268,0.09641521837121354,0.2432262855123458,0.3003584524023025,31.62816752314902,2
100,0.46520469058553354,0.03208137271350081,0.2778328375816861,0.6666666666666667,0.2,0.15639105862626007,0.2,0.3333333333333336,0.8168551626486562,1.023325464644885,0.5520655835985233,0.5409122773895472,35.738890208951084,2
