26,10,38,8,11,43,88,96,89,33,23,51,51,63,97,89,72,78,61,74,84,74,68,64,100,96,100,100,100,100,65,100,87,39,100,100,92,99,63,100,92,68,89,27,88,96,100,100,77,92,99,77,100,100,100,94,100,100,100,100
75,29,70,22,57,62,63,75,29,53,35,4,72,71,88,74,26,15,27,81,87,75,43,64,73,84,72,69,71,9,79,84,54,27,83,48,33,33,69,73,62,45,32,51,26,59,72,81,27,39,80,100,41,57,79,3,72,79,82,63
43,45,32,40,45,34,55,54,48,36,54,37,46,41,49,49,48,48,44,60,77,53,48,49,51,47,43,48,43,48,50,51,47,32,51,60,56,60,42,44,45,48,50,25,51,50,55,52,44,50,58,55,50,54,59,43,49,64,66,66
68,85,52,79,91,68,66,85,36,78,36,88,57,47,47,69,60,75,70,56,42,29,30,37,41,48,47,76,51,45,55,38,39,58,43,64,69,75,50,32,22,54,61,50,53,62,41,34,76,41,60,90,73,63,72,51,66,37,43,60
87,30,92,77,10,92,75,82,69,74,20,28,74,30,55,81,19,50,53,50,39,7,59,68,5,32,5,6,25,10,17,10,17,3,27,49,27,39,53,29,55,14,9,51,7,5,4,11,84,23,80,11,94,29,47,30,86,72,73,18
94,100,72,99,1,80,62,1,69,1,1,60,63,1,1,68,92,86,83,61,14,1,26,65,1,1,1,57,65,16,61,1,62,1,1,94,85,65,2,69,90,11,63,1,83,56,1,1,2,31,82,8,81,1,14,1,1,63,74,88
47,11,6,11,3,5,55,1,48,1,36,3,3,50,3,27,18,15,14,38,77,49,16,49,53,86,71,58,61,61,49,75,17,60,66,80,90,86,9,13,85,35,23,14,68,94,74,84,49,86,98,5,74,70,80,48,95,93,88,87
18,17,6,11,11,8,36,7,25,8,9,15,28,31,18,21,33,13,31,93,68,84,12,25,70,26,65,89,75,64,38,27,39,24,85,87,78,67,7,51,68,24,34,23,27,68,90,27,26,68,74,20,36,51,46,79,89,82,85,18
100,100,28,100,100,27,100,74,100,74,76,50,1,76,75,73,50,69,71,51,50,30,76,100,76,76,75,78,50,68,51,100,73,51,100,100,36,100,50,49,50,76,77,51,51,51,51,51,51,80,76,100,63,51,75,29,50,51,50,50
98,99,99,99,79,99,99,99,100,83,78,15,76,98,98,36,52,38,41,90,80,75,25,75,72,84,81,81,53,75,92,24,24,67,73,100,99,87,87,80,66,50,84,84,80,79,76,86,76,97,93,54,87,86,87,63,97,92,73,30
100,100,100,92,100,100,100,100,91,100,100,83,100,88,88,72,100,100,89,94,100,100,96,100,81,100,100,97,88,92,98,100,100,100,97,15,21,36,84,72,80,82,69,61,86,84,85,85,100,48,31,47,46,16,71,75,13,100,82,29
2,70,65,2,70,92,2,99,2,75,2,14,3,99,90,18,7,32,30,3,2,3,58,72,41,57,62,55,64,76,60,2,1,77,60,99,2,98,2,1,7,2,10,94,85,80,3,2,55,62,22,60,5,2,2,2,76,9,23,2
52,48,46,49,48,48,49,63,48,55,51,1,6,65,60,26,26,34,24,57,66,57,55,58,67,56,69,31,25,30,61,61,68,28,63,84,83,85,57,63,29,58,58,69,65,61,63,88,59,79,75,49,81,72,82,54,71,71,67,61
15,13,40,21,67,61,4,15,11,7,4,2,4,1,1,63,24,24,52,62,100,8,9,13,88,45,76,76,27,66,30,76,87,1,83,100,100,100,1,8,74,41,100,7,83,74,91,79,56,78,85,4,90,16,95,11,94,78,82,92
52,36,46,55,43,26,35,40,31,32,16,24,20,51,35,66,53,62,51,66,71,76,61,47,88,80,79,74,65,51,69,74,41,6,86,62,51,67,47,70,67,64,78,75,65,71,52,57,57,72,64,65,65,50,61,51,52,56,54,62
58,71,51,64,69,71,63,70,66,68,51,50,49,66,51,68,52,72,69,64,64,52,40,37,70,53,37,50,66,61,68,83,72,48,72,76,75,64,51,74,71,67,52,71,50,55,66,71,67,75,68,76,76,85,69,78,79,78,76,70
1,49,36,50,2,25,18,49,16,1,17,14,46,1,19,14,1,18,13,49,32,1,24,12,18,2,15,2,2,1,11,3,2,1,1,13,16,2,2,6,2,1,1,13,1,2,2,15,2,51,50,2,13,17,1,1,13,11,26,1
51,19,27,29,58,38,23,28,20,44,33,33,16,63,60,23,10,17,21,54,87,54,17,18,56,56,61,9,24,18,66,67,62,31,61,62,69,58,38,47,27,30,57,58,37,35,37,30,69,54,63,45,60,50,63,56,54,56,62,64
61,53,49,45,57,45,70,68,62,66,4,7,15,36,47,32,51,32,38,25,15,19,65,51,59,22,18,48,42,27,28,39,52,13,54,54,66,52,65,13,45,32,46,59,30,48,22,44,60,60,63,1,61,58,89,27,53,72,84,61
7,8,15,59,63,27,47,78,12,53,1,2,12,2,71,4,1,1,1,4,97,5,9,68,85,29,95,25,66,10,2,75,75,2,99,93,94,80,92,23,71,6,4,92,72,71,73,82,76,75,96,16,75,67,96,13,95,76,85,80
60,67,92,65,57,92,77,90,82,3,74,44,3,58,47,3,3,1,1,80,40,9,48,62,60,18,9,21,15,1,34,56,38,54,31,1,62,61,1,9,6,39,2,1,1,6,32,1,2,1,1,3,2,2,60,1,1,1,1,1
58,37,90,90,85,95,85,78,79,79,71,68,6,95,98,51,47,50,51,66,38,61,6,5,17,8,13,37,51,43,35,37,11,43,13,60,27,43,76,46,58,17,40,70,41,80,19,15,69,67,60,50,62,66,62,6,33,81,82,55
89,79,95,77,84,64,92,77,82,79,83,44,85,79,55,82,57,48,79,74,67,75,85,64,66,55,72,81,62,69,70,86,69,66,50,67,78,92,86,92,77,67,72,68,65,77,53,50,47,75,58,60,64,75,65,69,67,81,49,78
87,11,43,84,58,60,99,81,89,2,19,1,74,62,70,7,4,2,6,22,49,3,10,59,12,7,3,9,8,4,4,7,2,3,12,9,18,19,3,3,15,1,8,36,1,14,2,1,2,11,21,4,11,19,3,2,10,35,33,38
77,27,10,34,4,81,5,62,5,6,4,11,5,4,2,2,64,53,18,2,21,8,68,91,52,6,44,67,8,7,31,75,87,3,59,51,59,63,6,52,83,4,71,5,52,82,85,66,4,83,88,1,74,96,94,2,76,89,95,95
20,1,11,6,12,18,58,53,64,2,2,3,3,56,55,52,52,44,43,58,93,59,57,88,82,83,72,65,80,68,51,86,77,34,84,90,77,94,64,77,72,68,56,81,85,87,86,100,85,86,87,67,87,78,97,79,100,87,98,96
97,61,84,69,47,60,80,83,44,48,60,73,46,18,65,87,81,83,37,46,59,72,83,60,54,32,30,51,62,48,64,83,65,70,28,30,33,43,30,34,62,30,33,76,73,71,16,44,31,43,59,89,75,23,52,58,14,51,26,33
5,4,1,7,5,6,35,12,41,21,14,78,28,19,63,54,55,62,77,14,72,9,6,12,90,97,82,10,18,25,15,71,18,21,70,46,12,47,4,6,3,5,4,5,5,51,3,6,16,8,7,6,10,18,9,11,36,6,47,2
63,52,76,52,72,61,94,94,89,51,40,39,79,10,12,60,50,62,81,27,18,19,27,21,32,32,43,10,46,50,12,37,58,30,43,20,25,35,7,34,49,8,14,10,5,9,18,19,9,8,8,4,9,6,12,5,25,7,8,22
10,4,39,48,49,56,13,58,23,14,60,2,3,5,36,63,99,70,57,18,32,6,52,4,4,1,2,2,6,3,1,21,5,84,3,76,39,63,16,35,24,50,2,9,8,10,11,18,78,76,53,62,67,63,94,99,3,71,71,4
62,26,63,27,31,57,79,74,59,55,75,20,5,15,67,36,12,8,23,78,80,37,85,86,55,55,43,33,24,30,23,82,32,32,68,69,46,62,9,62,66,14,22,19,12,31,38,18,52,36,66,72,90,54,63,24,72,24,78,74
93,2,66,1,83,82,99,99,99,69,66,94,99,69,46,1,2,2,2,72,99,60,74,81,71,50,65,32,25,41,89,93,60,71,45,56,60,68,89,62,63,19,70,62,39,31,66,73,58,37,46,35,56,15,42,22,40,60,70,40
99,99,99,96,99,99,99,98,98,99,97,72,97,51,51,78,72,86,91,31,29,44,84,88,51,28,18,93,87,98,27,72,3,96,60,2,3,1,4,3,95,3,2,2,2,3,2,3,2,3,2,2,3,3,2,2,2,2,2,2
86,88,100,98,31,98,97,77,81,50,3,84,14,99,50,23,6,68,87,100,22,23,87,86,59,80,36,76,38,67,75,19,99,81,51,49,21,50,15,74,30,12,69,77,67,80,21,62,23,83,52,80,47,34,50,26,15,19,14,24
21,94,51,60,100,42,82,89,82,35,42,9,69,89,52,70,64,42,31,80,81,75,71,6,80,52,84,76,77,85,80,84,88,52,68,70,72,91,91,75,82,72,51,82,30,84,86,88,74,83,90,80,61,90,86,32,73,77,71,93
60,67,60,66,68,59,95,49,95,55,35,7,60,68,74,33,25,42,29,30,17,12,36,35,44,42,51,39,32,34,16,21,40,48,43,13,9,11,33,16,8,36,31,38,29,32,28,29,33,34,28,28,29,39,34,29,38,22,31,16
93,19,40,57,2,41,4,2,1,1,37,69,2,68,71,27,2,11,15,42,15,1,47,88,28,26,10,75,52,92,1,33,1,49,30,4,1,4,9,7,7,6,3,5,2,12,6,22,73,56,54,1,57,70,58,30,31,8,15,26
77,91,95,95,95,100,74,83,70,71,99,39,78,78,84,30,22,31,38,42,87,42,89,88,27,13,19,46,6,21,86,73,41,6,71,51,50,55,48,61,37,26,24,38,35,34,30,47,68,42,30,50,43,74,51,49,60,23,50,36
84,19,99,28,77,96,2,89,2,97,93,1,3,68,80,6,1,3,5,3,1,4,9,7,26,62,66,2,7,5,1,28,6,11,18,59,58,20,17,83,74,2,17,18,8,70,38,40,19,18,3,11,3,4,3,12,71,75,61,11
93,15,61,18,30,52,50,86,30,9,24,1,1,87,12,59,94,91,92,60,76,61,65,95,89,76,73,87,85,62,89,81,93,71,81,68,86,94,83,71,70,72,39,83,78,76,95,83,73,84,92,89,75,86,84,68,79,95,90,69
67,46,20,60,72,10,64,64,75,69,55,31,53,41,55,5,9,5,4,12,29,13,7,66,38,40,16,24,10,6,15,14,19,13,17,17,36,16,20,8,26,8,10,50,23,42,35,45,47,65,53,12,11,39,25,8,57,18,28,63
76,77,85,84,94,72,87,94,62,68,94,30,59,31,89,42,33,32,9,47,88,57,22,99,64,32,58,84,73,40,89,87,29,10,64,99,98,99,18,45,64,51,26,49,67,74,48,63,85,94,100,63,86,84,100,68,64,87,82,88
34,57,59,53,55,54,59,49,63,62,47,1,20,91,58,34,27,22,26,54,73,73,40,31,61,67,77,47,54,74,79,86,55,76,70,35,27,21,64,66,57,53,57,25,63,38,51,68,68,46,54,61,68,58,76,50,73,61,69,33
34,33,31,4,5,5,75,70,67,21,43,4,4,29,4,49,45,36,29,68,70,2,35,51,53,65,55,42,65,55,57,80,86,5,27,43,32,22,4,27,49,19,25,10,4,32,14,43,43,54,45,79,9,7,32,21,54,98,52,27
82,1,65,1,1,62,73,91,65,1,58,11,54,1,63,51,26,63,40,1,1,10,1,78,72,52,65,47,55,47,1,40,37,29,57,1,2,10,61,22,55,1,1,34,1,25,23,1,56,14,1,26,1,55,22,55,9,19,18,6
68,79,84,90,83,90,86,84,92,71,74,96,65,49,38,76,41,51,37,25,1,1,19,44,36,28,19,50,47,46,1,99,10,27,25,88,40,56,54,60,52,41,36,46,26,36,62,56,48,85,90,76,89,72,67,72,20,65,82,54
92,60,84,81,75,66,87,99,73,59,57,82,72,74,80,8,2,12,21,94,10,12,63,96,91,28,15,68,83,65,12,61,59,79,90,31,48,49,5,25,24,18,27,38,19,39,30,72,85,100,88,14,99,99,24,85,74,32,34,17
99,98,95,100,57,88,99,99,99,88,99,18,97,98,90,97,76,97,96,80,98,99,98,99,92,83,99,98,85,83,99,99,79,99,80,88,98,90,77,71,62,99,99,73,98,99,98,98,59,73,98,93,82,87,75,99,98,60,73,85
93,93,95,88,97,92,46,93,74,78,88,95,45,42,16,85,44,31,77,75,97,94,19,91,97,69,72,97,49,92,98,70,72,2,84,86,95,91,72,97,62,91,55,19,87,70,79,12,52,57,83,63,50,95,67,70,78,84,89,96
33,28,9,62,12,7,19,13,18,4,3,2,3,4,1,69,84,63,25,71,77,91,35,86,64,11,57,28,96,63,83,94,5,1,61,93,68,97,5,73,80,20,63,64,89,91,3,1,5,92,96,2,63,70,8,3,20,71,87,39
99,98,71,98,83,62,98,99,96,94,77,52,97,53,75,87,83,84,96,36,55,2,20,14,5,12,1,35,51,33,34,20,39,53,13,21,32,12,56,6,33,29,22,5,17,44,20,12,54,55,45,30,48,8,36,1,98,1,1,8
72,54,48,78,48,58,59,56,53,71,1,14,25,46,53,33,15,49,28,31,87,51,51,22,92,77,91,50,38,42,57,90,87,1,82,73,95,97,51,78,76,46,50,53,57,78,52,49,61,63,67,50,72,76,74,46,81,81,98,75
69,70,60,90,74,46,71,66,62,16,51,55,51,8,6,34,40,58,56,78,60,66,13,51,76,45,52,48,50,36,63,65,53,45,68,63,74,70,53,44,72,11,5,49,55,8,63,15,82,48,48,2,36,48,78,76,31,8,30,67
79,82,100,91,100,100,78,92,92,92,81,1,64,78,80,23,22,22,22,37,21,1,25,22,64,38,63,22,8,6,21,62,64,13,64,91,89,90,10,23,23,62,10,38,20,63,63,64,37,63,64,93,63,10,63,23,79,25,23,23
1,1,1,2,1,1,2,1,1,1,1,1,17,8,1,82,6,97,48,74,59,52,64,1,62,16,1,28,17,12,79,25,1,1,29,2,2,69,1,76,77,1,1,29,1,64,1,23,23,54,68,1,56,75,8,71,67,84,80,59
34,34,34,35,37,30,4,51,7,18,43,71,14,19,13,51,49,34,36,82,100,57,62,72,44,76,31,51,50,57,51,100,6,37,49,23,16,30,23,26,12,26,23,49,15,35,50,50,41,37,19,20,57,6,34,15,11,71,52,50
76,58,20,66,29,7,68,44,69,31,3,67,17,51,56,50,46,37,30,37,73,66,70,51,47,46,52,51,20,38,68,97,20,3,48,75,83,78,98,81,77,39,77,88,75,90,47,57,74,80,79,69,79,71,92,67,99,82,87,64
44,59,51,59,58,49,40,58,38,67,55,28,53,57,64,48,58,53,50,41,58,49,70,65,57,61,67,63,53,54,71,69,63,53,69,52,68,63,56,51,76,50,43,54,43,48,46,57,41,71,66,41,52,52,73,34,62,62,57,54
51,49,97,59,99,98,2,97,3,1,99,50,51,99,97,51,50,49,51,99,99,97,97,99,51,51,50,50,50,50,97,37,51,50,51,50,51,52,68,52,51,49,50,51,53,51,51,99,98,98,98,98,98,97,97,2,99,98,99,51
76,56,58,58,43,59,57,63,60,46,44,53,61,82,36,61,59,57,55,87,58,26,79,64,79,71,72,60,61,61,69,82,59,72,79,10,9,9,47,14,56,64,11,18,40,47,53,35,20,27,31,1,31,12,41,48,51,43,46,9
60,1,100,1,83,100,67,95,63,17,97,1,1,85,83,65,19,24,5,37,100,84,68,76,73,76,100,65,30,56,100,100,100,11,60,100,95,88,64,100,91,88,88,11,100,94,54,80,88,41,88,100,94,100,100,68,84,100,100,87
22,39,70,47,41,56,36,50,27,22,41,13,27,22,41,41,22,30,39,67,67,67,75,41,70,70,81,61,53,56,81,67,73,67,73,75,75,81,64,67,64,70,75,67,81,73,56,67,67,67,73,75,73,64,81,56,70,67,75,92
99,99,100,99,99,100,100,99,98,99,99,99,98,72,78,3,1,4,2,2,2,1,2,2,1,3,2,3,1,1,2,4,1,67,1,1,4,2,1,2,2,1,1,1,1,2,1,2,2,2,3,2,2,3,3,2,2,1,2,2
96,60,76,89,87,97,90,90,49,72,79,1,29,4,5,35,31,22,27,92,59,6,26,71,74,18,58,66,27,60,2,26,30,8,79,26,37,68,66,7,51,30,12,10,5,13,7,12,10,19,11,7,20,25,9,18,33,62,24,6
87,89,1,73,1,1,88,29,86,1,27,4,1,35,1,8,84,99,98,1,1,100,26,12,5,1,1,99,83,1,19,1,1,64,1,1,1,2,8,4,3,100,9,13,1,1,1,1,1,1,1,10,1,1,1,1,1,1,1,1
58,76,76,69,47,81,72,82,69,3,84,12,43,34,9,1,2,2,5,8,27,3,13,30,66,61,57,51,54,56,24,60,62,36,58,53,53,56,57,56,12,68,39,61,59,18,68,91,25,72,20,63,53,67,75,69,62,62,66,63
69,77,76,79,82,82,48,73,76,17,88,73,79,1,73,81,68,84,84,65,90,80,33,72,66,76,84,78,68,84,79,74,79,77,68,79,66,1,76,80,75,73,71,69,68,72,81,73,86,77,84,73,76,70,88,73,81,80,78,81
65,94,62,75,29,66,35,65,23,43,64,11,62,44,81,30,2,12,25,49,52,37,51,86,55,39,54,72,48,77,39,51,95,63,55,26,21,20,82,2,30,18,7,93,28,62,63,63,39,39,26,66,47,80,48,55,40,29,33,6
26,1,65,67,16,38,67,65,24,68,39,9,35,26,14,61,1,69,51,22,36,1,1,1,51,80,65,45,8,10,1,20,1,1,18,51,40,68,14,7,36,24,3,73,23,18,51,23,53,71,42,24,1,47,11,11,22,69,61,1
79,72,75,67,83,80,84,88,86,85,75,57,71,33,9,36,42,25,46,57,50,33,44,43,24,22,35,64,61,67,25,32,54,72,23,39,53,50,36,38,49,23,38,36,46,44,35,40,36,24,30,39,48,41,45,31,42,28,37,29
72,88,71,70,87,72,71,88,70,60,59,22,78,57,48,18,20,22,25,41,32,48,27,42,5,12,4,50,19,37,54,21,44,53,4,77,65,69,58,57,9,39,42,23,46,47,7,9,60,53,36,51,41,45,23,35,56,20,15,48
82,72,98,76,99,99,61,98,44,92,84,12,33,9,69,8,1,8,21,6,10,6,59,43,17,43,61,10,7,12,27,15,90,57,9,56,46,58,86,87,55,89,65,93,80,55,71,92,97,98,98,96,97,98,76,88,89,85,87,58
50,45,18,54,81,50,69,87,14,41,17,53,50,39,51,26,6,10,11,1,1,1,34,49,27,15,11,7,7,14,6,64,8,5,5,10,11,16,4,8,24,6,2,7,1,7,10,4,5,11,13,5,4,14,29,20,1,9,10,3
64,63,44,58,2,45,26,71,27,64,32,71,58,87,78,99,97,98,98,85,98,94,62,98,99,99,98,85,75,89,95,98,74,90,99,69,63,74,37,68,67,64,96,62,61,70,49,63,68,57,65,48,59,65,71,77,74,60,74,71
64,54,95,69,81,83,66,74,65,36,68,19,49,35,27,64,8,53,51,8,60,38,30,33,89,63,69,24,42,10,18,69,44,31,88,58,28,49,19,38,37,25,29,58,52,21,31,57,45,75,49,54,58,78,29,32,34,60,73,34
17,1,2,2,2,8,2,6,2,2,5,1,2,2,1,32,2,2,3,16,57,6,23,18,72,57,61,24,24,17,61,65,55,4,44,96,99,79,32,15,32,28,38,53,4,66,27,58,55,76,96,1,84,87,93,81,54,98,98,14
85,75,29,81,43,45,80,86,74,78,34,23,77,81,71,81,91,88,78,58,30,67,44,98,82,82,74,93,91,84,57,79,31,81,78,41,73,42,63,32,86,43,43,37,71,75,64,63,40,51,38,2,30,42,65,53,51,62,37,53
67,1,61,63,2,46,63,54,16,5,1,38,80,86,57,62,53,65,63,2,52,47,54,46,84,77,69,61,70,46,13,65,57,1,70,67,38,69,1,42,72,44,30,75,1,74,17,55,83,80,76,6,64,2,76,78,51,89,85,69
50,50,1,1,1,52,7,49,1,6,1,1,51,88,100,100,49,100,80,47,50,50,100,100,100,49,49,50,50,50,50,50,100,5,100,100,16,78,52,52,100,51,50,8,20,1,14,1,100,100,100,49,100,100,100,94,100,100,100,100
50,50,68,76,100,50,19,50,26,51,75,1,20,50,51,72,53,50,51,51,100,79,75,75,50,21,26,51,34,51,51,100,51,24,51,100,100,100,50,73,75,100,100,100,100,53,65,68,100,100,100,100,100,100,100,51,51,100,100,79
18,68,69,76,71,87,19,85,18,61,27,20,18,60,6,66,56,54,87,4,43,3,8,62,55,27,21,10,40,41,14,17,23,30,40,67,16,81,5,57,63,49,48,60,57,50,50,11,19,33,71,19,22,66,56,2,73,56,65,11
44,49,46,46,45,41,49,40,53,13,46,47,53,43,9,42,35,35,34,40,44,27,51,31,63,45,51,49,42,49,25,64,49,11,52,81,87,85,53,55,50,42,80,76,98,99,95,73,49,98,97,26,64,58,64,47,97,84,98,77
38,74,69,70,63,77,9,41,10,69,50,8,22,70,7,79,31,47,77,4,34,90,88,87,40,14,42,56,37,57,60,99,32,65,70,99,2,89,41,87,60,53,61,71,88,37,77,85,75,73,99,44,95,100,99,77,41,89,99,99
99,87,88,92,73,50,100,80,95,1,1,1,16,98,99,14,37,15,37,89,75,59,10,61,63,49,61,67,33,37,28,36,55,37,61,63,58,69,65,34,29,18,52,79,27,42,75,79,44,83,70,25,70,56,54,40,65,57,61,17
16,27,11,63,19,22,51,67,52,41,23,13,70,64,15,18,25,39,25,63,81,25,34,36,74,73,75,29,31,50,66,68,74,50,76,42,37,27,52,68,35,23,18,73,21,68,34,56,13,25,27,19,46,35,78,25,30,49,63,65
35,36,39,24,36,60,28,21,32,32,24,17,39,46,40,56,52,39,23,72,85,55,79,61,59,49,58,40,54,30,56,66,43,33,67,74,56,58,40,58,54,69,30,62,30,57,44,76,26,53,67,38,58,58,68,47,62,65,66,54
76,1,1,22,21,11,100,99,100,1,98,72,95,84,77,76,7,3,3,88,88,6,2,2,25,74,79,85,74,80,92,1,71,85,53,88,82,82,78,73,84,11,38,19,77,80,61,75,87,40,61,74,51,24,81,75,81,71,71,68
67,51,41,50,52,60,73,55,56,62,24,14,67,43,49,45,22,32,24,40,59,65,30,35,19,16,31,30,39,24,38,40,32,38,41,64,76,68,46,35,22,34,30,51,73,31,31,76,74,72,85,62,69,90,60,12,5,80,91,79
3,3,3,2,14,2,2,3,2,3,3,2,2,3,2,3,2,3,2,3,3,3,2,2,3,3,1,3,2,3,3,2,3,2,2,3,2,3,3,3,3,3,2,3,2,2,2,3,2,2,2,2,2,1,3,3,3,25,3,3
35,9,27,10,30,41,35,78,34,7,5,34,5,27,55,44,59,21,20,75,74,93,73,83,61,60,64,64,72,55,94,92,29,30,65,42,75,60,66,45,63,61,51,18,47,49,61,53,38,48,49,7,51,43,59,19,52,43,27,38
89,80,88,23,80,68,49,74,20,10,45,30,10,82,92,14,12,15,10,21,76,20,90,57,39,56,57,28,6,10,19,47,82,5,49,84,91,60,13,75,41,66,59,6,73,85,60,31,96,81,87,74,79,57,85,80,54,76,58,47
73,35,96,71,63,96,49,59,67,70,61,1,35,8,45,40,3,8,11,8,16,19,13,94,85,33,52,50,75,43,3,8,76,68,91,97,100,97,15,74,85,4,5,14,76,64,56,84,66,69,97,19,94,59,95,12,87,85,79,96
93,81,93,87,77,91,80,96,83,81,83,75,67,70,91,81,87,76,69,94,93,83,76,88,84,70,79,83,63,75,69,91,90,65,88,90,92,91,71,76,68,68,85,84,63,66,61,71,82,90,87,71,84,83,64,54,93,92,90,71
100,67,63,71,77,76,100,100,100,66,80,25,51,42,100,1,17,1,26,24,1,1,1,48,10,1,16,1,32,29,1,2,38,1,1,1,1,1,38,1,4,1,21,31,1,1,10,1,1,1,1,1,1,9,16,32,35,2,1,17
31,41,62,46,39,67,40,64,57,29,57,8,12,57,38,27,23,33,26,39,77,47,16,8,86,41,81,37,34,32,40,71,57,25,75,79,86,81,30,65,47,37,39,68,35,42,42,73,44,64,72,36,62,78,81,54,80,76,67,79
65,68,51,70,61,64,58,68,49,59,68,62,70,44,44,79,52,71,58,78,93,84,70,82,81,73,78,80,68,73,92,91,67,51,74,81,80,83,54,81,71,51,53,72,65,65,22,38,48,43,36,57,33,30,30,54,37,63,65,62
78,69,73,56,68,94,76,94,85,72,75,69,52,8,12,13,33,8,19,69,54,28,32,19,41,3,8,29,25,6,10,82,45,4,4,36,18,41,26,34,45,17,18,27,13,17,7,18,20,28,28,4,22,34,6,38,8,48,67,32
54,22,27,32,23,28,89,38,84,7,9,78,68,21,1,68,10,47,51,59,7,3,55,13,5,29,24,27,26,52,1,5,16,17,7,3,2,2,3,66,9,11,47,6,3,1,4,5,3,4,4,3,4,2,3,7,4,4,2,1
71,86,80,86,79,83,84,84,82,75,74,74,73,73,80,71,69,68,54,67,81,75,80,57,78,74,86,80,53,84,71,86,75,53,87,48,79,75,50,79,79,52,67,55,53,54,73,58,53,52,51,51,52,51,49,88,50,51,52,46
4,43,79,58,56,1,39,30,29,14,18,2,1,1,1,10,6,45,50,1,44,28,5,45,63,8,15,45,10,51,73,65,1,1,59,13,86,87,15,81,100,27,41,73,54,50,83,48,40,47,44,6,31,37,37,2,34,75,57,97
81,61,90,61,93,87,88,91,78,65,91,3,13,74,82,68,47,52,54,6,67,8,31,47,79,72,66,59,50,82,50,75,1,72,74,63,51,81,30,51,52,70,75,69,78,25,71,60,79,67,73,59,87,66,59,54,78,63,56,56
69,50,50,45,65,30,62,49,70,52,43,9,17,71,92,16,18,30,23,65,62,38,50,52,57,67,69,34,33,33,39,74,72,50,50,93,96,87,41,69,58,38,63,76,47,66,52,63,60,72,65,56,72,77,64,37,73,69,71,71
79,51,69,76,58,78,44,60,43,75,65,4,43,66,56,59,49,58,55,57,57,48,68,54,61,84,76,60,54,54,61,71,55,43,57,77,69,85,84,74,81,78,74,87,58,73,53,62,83,72,58,58,63,75,54,56,49,83,85,77
42,20,99,80,68,98,74,77,83,87,36,70,39,36,63,90,77,79,93,14,45,71,46,93,97,90,2,85,82,89,84,11,53,99,100,2,2,49,12,44,73,42,37,16,49,25,2,98,48,99,98,68,74,98,98,2,50,100,98,86
78,70,35,63,54,50,63,55,62,54,70,25,23,55,53,60,50,58,50,57,83,73,52,50,70,64,72,54,46,44,74,79,72,39,67,76,80,73,71,56,57,67,56,79,75,78,77,83,83,75,82,77,72,76,82,72,76,78,82,86
100,100,100,100,25,100,100,100,100,100,100,100,100,1,1,1,100,61,1,1,1,1,1,1,1,1,1,1,1,1,1,1,1,1,1,1,1,1,1,1,1,1,1,1,2,1,1,1,1,1,1,1,1,1,1,1,1,1,1,1
70,45,64,43,1,1,32,28,19,1,1,1,1,6,1,38,10,27,21,32,97,36,1,6,66,89,98,17,9,2,100,98,40,1,61,13,99,99,76,89,100,19,69,35,94,100,71,6,1,1,63,41,71,6,76,61,95,16,89,99
63,67,47,86,82,76,58,66,60,72,59,61,21,87,73,48,40,58,72,48,29,31,76,72,47,50,33,28,37,35,18,51,58,50,39,63,36,66,49,23,36,13,19,57,14,26,27,38,33,47,50,15,34,33,23,20,26,52,51,29
41,26,19,38,46,33,37,47,40,47,32,2,21,19,39,34,2,10,15,37,36,11,15,20,17,12,13,28,49,20,48,9,5,73,25,64,70,68,49,48,22,18,21,60,30,14,81,99,71,98,99,40,100,98,98,39,99,97,98,72
3,2,3,4,2,2,1,3,2,3,3,2,4,3,2,1,2,43,6,2,7,6,2,16,89,14,29,67,2,11,5,76,98,2,81,3,3,3,4,78,7,4,10,6,2,99,83,83,6,86,98,36,4,7,72,6,80,87,85,87
69,94,81,93,95,100,66,69,78,100,100,96,75,64,49,87,94,100,100,1,1,1,97,96,85,61,66,58,79,75,57,73,48,38,91,47,68,49,54,51,59,50,49,48,55,57,47,45,41,33,26,51,34,34,41,46,55,17,27,55
22,31,100,71,1,80,30,99,2,71,20,67,39,95,80,20,1,1,2,67,85,1,2,62,67,51,55,81,61,50,66,36,66,68,1,56,40,62,2,2,51,2,3,32,2,13,2,3,76,84,71,3,68,77,75,67,81,82,82,31
45,1,45,16,2,44,43,41,1,1,4,2,62,60,26,17,16,41,20,3,2,1,30,41,73,64,65,51,15,1,1,34,45,3,73,60,3,52,1,13,51,4,12,60,3,64,2,46,64,78,76,1,49,57,44,56,19,57,71,37
85,93,100,79,92,73,67,94,22,56,58,4,54,66,67,46,21,53,27,16,32,26,19,69,41,14,47,27,36,15,10,76,56,3,58,77,42,63,6,25,29,16,31,10,2,17,15,48,82,60,70,10,72,63,39,64,74,73,68,37
9,69,76,72,87,83,85,87,17,95,64,94,27,70,4,68,48,65,57,59,15,85,2,7,60,41,35,54,34,45,14,49,67,62,66,25,12,28,52,6,9,22,10,61,86,8,19,5,23,16,68,4,26,22,44,3,76,40,68,24
2,43,85,19,22,58,56,45,31,1,40,68,55,67,62,63,53,63,94,34,55,61,63,30,51,65,79,64,84,59,8,79,56,72,61,90,71,67,8,80,29,37,52,38,52,21,60,67,82,75,86,74,90,95,75,32,93,72,87,62
99,99,83,99,99,76,90,100,97,44,32,93,99,99,99,49,69,62,58,99,86,91,83,86,75,63,79,54,49,50,79,66,84,43,74,98,99,96,77,76,97,87,76,99,81,91,97,99,95,99,99,91,99,100,99,31,99,99,99,96
89,75,62,54,68,72,81,63,75,72,73,70,71,70,79,49,61,67,54,57,71,49,66,61,56,54,51,54,64,66,61,71,55,50,59,55,72,58,54,59,66,62,63,51,51,59,62,52,52,52,58,56,52,50,53,61,48,51,63,61
51,38,50,91,92,66,81,87,64,10,85,83,44,56,46,41,36,50,51,84,85,70,6,8,61,52,65,85,51,47,38,86,78,50,54,85,86,91,73,42,32,24,69,78,47,75,49,62,51,57,73,14,52,50,71,64,86,85,86,86
99,99,51,99,2,60,100,83,99,100,2,86,79,80,86,1,1,2,1,26,3,2,86,72,2,76,23,86,48,81,2,1,48,78,2,2,3,1,30,1,2,2,3,15,4,2,2,3,1,48,3,2,1,3,2,3,2,3,2,2
59,32,60,41,75,52,66,66,78,57,14,31,66,59,51,69,60,54,23,36,31,35,60,24,79,61,54,48,57,41,23,63,78,16,77,64,37,57,16,4,59,14,20,40,51,57,62,55,61,62,58,26,51,34,67,55,57,22,15,31
63,61,72,58,80,61,62,61,51,62,26,61,55,79,40,22,15,24,34,54,46,30,46,66,38,35,25,34,25,32,36,43,34,12,51,2,12,22,31,34,27,45,13,21,26,29,24,17,24,21,37,16,26,18,38,28,14,16,17,24
28,2,2,12,3,1,20,41,2,2,3,1,1,7,2,3,1,2,1,7,84,2,2,2,24,14,29,4,2,5,2,20,41,3,19,49,8,60,2,13,3,1,2,2,12,2,3,1,2,3,13,2,16,11,36,2,80,8,21,19
19,78,39,97,1,40,43,61,39,1,89,1,19,80,61,1,1,1,7,1,64,1,96,1,1,23,97,76,63,64,1,100,13,58,79,100,95,100,88,69,19,1,5,83,17,13,96,100,1,1,1,100,1,1,100,78,67,95,100,96
43,74,65,68,91,82,36,25,46,13,44,1,2,67,24,67,26,47,60,99,34,88,99,98,3,10,6,20,38,17,63,15,19,22,2,10,9,18,14,8,45,5,48,35,23,16,49,42,56,53,30,15,48,8,32,58,19,74,49,77
99,99,97,100,99,100,98,100,98,100,15,51,88,99,98,51,53,70,78,2,1,1,73,98,20,51,2,79,27,55,50,50,51,52,22,63,82,84,48,50,50,1,62,88,63,74,22,21,51,79,76,4,51,39,51,51,81,98,100,81
77,13,28,19,42,5,32,72,32,5,36,1,11,10,60,53,52,44,60,72,76,69,71,83,31,25,49,50,35,42,77,27,56,26,28,25,30,23,2,54,29,33,21,26,80,14,17,16,72,62,60,48,50,60,29,46,58,40,38,28
41,9,57,19,27,64,63,33,62,1,31,1,11,91,76,2,2,2,12,73,85,50,55,63,98,73,86,64,38,50,63,58,63,60,84,51,57,50,9,25,7,36,12,30,13,15,20,35,49,49,50,37,50,33,50,28,60,18,10,13
2,25,3,20,79,23,13,91,3,67,3,6,2,39,77,7,4,3,2,7,88,2,9,75,91,25,91,8,15,19,1,81,61,2,80,94,92,74,81,26,14,4,4,92,94,90,76,95,36,82,91,64,95,68,99,63,100,96,73,76
48,36,49,36,37,52,49,42,36,11,20,46,36,37,47,48,48,48,37,39,58,30,47,31,61,41,54,52,48,47,35,55,51,56,54,62,65,65,48,29,48,29,48,47,50,58,64,62,60,61,70,24,62,52,61,25,64,61,70,65
69,60,65,81,45,53,72,98,56,58,68,1,31,38,51,27,12,60,35,67,62,10,20,42,35,6,37,26,25,26,70,40,58,2,39,16,33,34,10,42,58,12,24,45,11,20,49,63,52,92,43,9,49,40,9,2,49,36,56,10
62,69,31,63,93,69,52,72,56,51,49,32,62,4,71,31,47,87,84,58,63,45,63,80,48,68,71,45,21,76,24,39,65,79,36,5,79,82,32,52,85,75,51,56,30,46,50,39,70,80,34,33,10,65,24,46,26,28,16,95
45,41,20,34,36,29,29,38,33,31,32,32,27,56,40,35,30,34,37,70,79,72,43,49,89,66,90,49,8,8,83,65,21,7,88,72,85,79,17,55,50,44,25,56,22,48,59,59,23,33,25,85,59,51,91,11,20,91,87,55
36,69,66,60,36,67,6,37,16,23,69,5,14,63,52,37,41,30,29,75,98,68,52,86,67,66,68,40,51,52,94,97,76,13,65,67,67,39,58,60,90,70,18,63,29,56,25,40,72,65,62,67,59,55,55,29,79,77,77,57
91,51,86,51,51,91,29,75,20,18,50,51,5,22,25,66,78,50,81,26,52,22,8,49,79,23,72,51,51,51,91,91,8,22,72,79,82,91,11,89,72,87,74,49,16,50,52,50,34,19,15,73,31,6,21,49,79,26,23,34
62,50,100,83,83,100,69,77,56,67,93,26,77,64,79,27,9,27,34,37,76,11,91,72,13,7,15,17,16,30,70,77,23,5,60,48,58,39,16,48,31,28,37,41,49,28,23,44,51,45,43,60,45,49,34,53,60,26,50,35
77,76,82,65,61,49,21,55,25,1,59,3,7,82,1,81,21,50,50,75,100,51,100,100,61,72,62,70,51,39,91,81,62,41,61,18,78,66,80,50,77,33,39,58,34,50,56,27,28,15,11,19,10,16,15,26,52,13,15,43
100,70,86,60,76,88,1,100,1,100,100,85,54,7,1,1,1,1,1,67,100,41,100,100,57,9,14,20,13,22,46,100,100,47,44,100,100,100,1,31,1,1,53,100,64,52,68,63,100,100,82,100,83,100,47,1,56,100,100,62
37,65,39,62,48,35,56,43,54,24,55,1,15,37,38,57,7,51,50,45,48,37,52,53,61,44,45,28,33,18,50,88,18,4,55,77,59,48,36,56,63,49,51,45,37,49,42,42,41,58,76,63,64,70,84,41,41,53,43,39
100,100,100,100,100,100,42,91,44,100,100,58,40,100,100,1,1,1,1,100,72,67,100,100,34,36,33,48,43,71,31,34,100,6,61,50,57,50,59,56,8,62,18,59,55,9,57,70,66,77,94,64,59,63,56,57,62,44,60,68
78,60,64,40,64,56,72,59,44,70,38,24,23,64,44,73,63,79,67,46,75,42,59,73,81,63,79,68,70,62,31,70,69,73,84,93,84,97,72,68,91,51,65,63,70,79,72,79,90,95,93,75,91,92,95,93,96,56,62,81
60,71,69,83,88,53,82,71,81,68,25,69,64,63,94,10,8,20,12,88,6,2,15,76,13,11,10,17,17,27,3,5,4,17,11,8,9,11,17,14,17,24,2,18,15,19,10,11,19,3,16,17,11,3,10,27,33,16,12,16
1,17,1,50,1,1,1,50,1,1,1,1,1,1,1,1,1,1,2,1,15,1,12,2,1,1,1,1,1,1,1,1,1,1,1,16,1,1,1,1,1,1,1,1,1,1,1,1,1,51,49,1,1,51,1,1,28,9,17,1
8,55,48,38,55,59,44,51,30,34,34,1,14,66,59,39,53,25,15,59,91,66,33,32,73,66,90,55,56,67,88,87,60,86,58,21,37,10,75,81,56,45,82,62,60,60,55,77,68,24,39,61,68,53,80,62,76,75,87,18
62,78,39,86,69,41,38,79,38,34,50,6,22,44,40,67,24,67,39,66,54,36,61,57,87,28,65,41,28,57,41,71,65,26,94,68,87,67,23,77,64,40,41,59,27,21,11,30,50,68,62,36,73,71,87,24,54,71,83,28
6,11,35,35,12,77,25,7,15,9,79,2,3,6,3,9,21,9,7,19,13,23,2,2,68,75,67,61,43,15,71,65,1,12,43,22,30,28,30,76,5,87,13,14,20,64,74,32,4,9,46,78,10,24,15,13,22,12,31,17
99,92,51,85,85,78,76,100,22,100,86,57,73,89,74,65,44,78,91,26,87,72,65,42,93,72,100,41,28,20,99,100,66,99,62,100,99,99,100,99,92,25,100,74,61,93,49,41,54,99,82,90,48,80,87,51,61,85,88,100
82,86,58,64,71,68,65,89,71,76,35,16,75,78,65,53,40,79,58,47,67,45,77,66,35,73,45,40,40,38,63,29,47,39,36,78,38,23,67,68,55,51,40,70,67,38,25,32,78,26,44,57,44,78,74,63,62,71,68,50
71,39,23,16,52,11,32,46,27,48,69,1,2,3,58,6,3,8,3,45,83,53,41,40,65,3,19,15,7,10,88,96,33,2,63,56,16,47,22,98,84,53,33,47,20,26,28,41,95,62,43,7,21,41,24,19,38,42,35,4
89,72,31,91,33,68,15,39,10,61,92,19,13,38,15,1,6,4,4,89,97,66,1,39,69,53,30,41,18,20,86,85,53,3,54,40,8,7,12,3,3,3,7,19,10,7,5,1,3,4,5,26,4,10,3,1,40,13,7,6
55,78,79,66,3,61,97,92,93,69,1,27,88,64,84,31,31,12,38,1,1,1,1,2,1,22,1,1,19,17,1,1,21,27,13,1,6,1,10,1,1,1,14,40,1,33,1,19,1,1,1,1,1,1,1,1,1,1,1,1
80,63,81,84,43,80,79,92,97,87,73,75,89,73,70,80,37,71,71,36,36,37,65,69,44,71,60,86,45,63,72,26,79,38,42,33,27,39,79,40,32,80,76,43,75,38,68,33,34,75,44,63,38,40,37,33,38,44,24,37
74,18,54,70,1,32,66,57,22,48,47,28,61,80,89,73,71,73,83,44,84,48,47,65,73,53,58,9,25,31,64,75,58,29,69,67,57,43,20,73,65,56,42,32,16,52,1,29,62,58,46,29,58,18,41,17,70,40,43,23
52,72,8,60,24,4,22,35,14,57,34,1,3,11,7,51,6,48,64,41,41,74,55,41,58,4,10,4,44,68,69,40,17,53,62,69,52,87,19,87,69,34,68,12,41,60,10,36,76,60,78,70,87,18,77,57,29,60,92,90
83,75,67,78,28,73,81,85,88,70,88,33,85,98,66,65,67,72,79,74,91,48,35,70,66,73,64,58,84,70,66,68,74,88,55,5,7,5,29,24,36,18,46,25,22,9,13,33,8,10,24,1,23,13,13,25,12,37,13,27
7,7,25,3,59,49,40,27,9,7,7,1,8,3,74,24,35,9,22,11,26,10,10,21,29,10,30,56,51,17,8,73,28,50,44,12,2,50,5,6,15,7,10,32,61,62,41,63,33,51,38,81,51,28,82,17,81,17,26,3
100,73,51,100,75,50,100,51,76,51,52,25,1,74,76,51,50,51,51,25,51,27,74,75,77,51,75,51,50,51,25,75,76,51,74,100,50,100,25,50,51,75,76,51,51,50,50,73,50,51,51,78,51,50,72,25,51,75,76,27
53,60,64,68,71,55,48,37,44,28,42,42,11,49,64,41,1,52,52,36,51,62,35,42,47,55,30,38,42,46,100,38,11,18,47,49,1,48,1,68,51,48,1,83,45,35,55,18,59,66,92,21,74,82,75,8,49,90,75,55
7,21,19,48,12,64,42,27,31,30,47,34,21,30,46,59,17,62,58,2,17,18,50,39,18,50,31,33,9,52,17,33,21,45,25,8,27,16,64,7,38,26,20,7,45,29,25,23,37,18,27,41,23,25,30,18,15,16,23,17
74,62,83,78,77,64,2,77,39,50,3,3,3,51,2,62,2,57,64,67,3,1,2,88,29,13,21,23,39,51,2,2,49,22,28,24,62,58,2,2,60,65,53,61,2,2,21,28,27,81,86,2,69,77,3,3,78,33,2,2
66,57,79,49,62,92,54,89,39,71,81,5,11,87,91,90,52,85,85,49,72,25,69,70,97,90,86,37,11,24,86,91,99,20,96,78,62,63,69,95,81,89,18,22,12,6,36,28,72,86,73,39,92,83,27,40,90,60,91,33
76,63,64,93,50,66,77,74,71,79,2,52,32,77,78,67,51,58,47,71,89,71,78,85,69,58,74,64,66,82,78,99,61,52,66,80,81,87,87,80,84,79,93,98,93,77,83,74,80,88,87,90,83,85,98,96,80,92,80,73
42,28,32,36,22,28,51,30,46,14,2,2,13,58,43,17,6,20,5,25,40,18,39,35,54,31,25,57,19,17,52,49,50,8,48,82,82,62,29,26,16,10,17,58,25,14,38,69,98,66,67,53,75,65,56,41,54,45,79,23
33,29,67,51,80,1,45,10,6,1,20,1,1,8,20,79,74,91,72,32,82,50,1,1,76,73,68,63,66,65,20,74,63,29,80,73,84,93,36,83,49,54,76,25,29,71,80,93,89,74,77,1,81,69,82,50,86,78,100,90
18,32,18,33,26,17,34,31,25,10,38,17,24,29,37,43,45,44,28,51,62,64,35,44,36,34,36,34,40,38,42,34,36,24,36,47,49,47,24,32,33,35,40,13,35,38,42,43,35,34,44,44,37,39,43,31,37,55,56,46
8,27,31,18,44,33,38,16,44,36,36,1,12,96,97,85,63,80,70,19,34,56,97,94,25,61,57,44,50,70,18,43,34,64,38,23,29,23,60,49,60,26,31,59,37,54,5,15,13,57,21,20,25,33,36,14,60,55,60,10
57,17,3,49,14,3,33,27,46,2,2,2,2,27,2,18,12,11,2,10,65,99,5,40,80,12,13,27,29,32,76,83,5,1,49,40,13,94,3,75,99,8,77,94,54,91,2,2,6,82,95,1,37,54,2,3,35,77,81,68
81,13,61,8,71,65,74,86,16,22,10,6,9,98,54,95,95,71,49,72,85,87,80,92,83,80,91,93,93,69,91,72,71,99,83,94,92,98,78,82,81,88,92,98,95,93,86,84,87,95,87,85,100,100,100,73,78,94,94,99
77,80,68,82,99,82,82,75,79,68,59,75,75,67,100,80,50,73,77,74,70,69,71,70,98,74,72,55,74,77,75,99,100,99,100,99,99,100,73,76,100,100,79,74,65,69,74,100,99,98,99,99,87,99,98,98,98,78,99,73
42,18,23,32,7,13,56,12,26,25,3,3,1,52,48,40,32,11,15,29,30,5,18,37,21,26,41,43,56,38,16,57,40,6,34,72,63,57,58,24,9,3,21,41,48,40,48,80,46,63,69,2,59,53,61,49,55,66,69,65
100,100,76,95,2,81,64,1,67,1,1,82,59,1,1,59,75,75,53,75,1,17,21,60,54,1,1,12,50,24,1,25,62,1,24,86,80,69,2,67,65,41,51,1,70,51,1,11,2,58,59,34,62,1,4,12,1,16,29,59
79,34,50,60,41,60,58,35,39,50,51,8,33,51,64,32,35,37,30,33,63,60,35,32,99,99,97,33,51,49,60,81,82,26,99,98,96,97,38,76,76,97,70,95,58,97,62,65,99,74,68,98,60,71,99,58,68,66,80,90
92,77,93,88,53,95,50,95,51,89,28,3,52,91,50,44,52,51,50,52,95,3,91,82,76,52,54,76,11,71,70,15,55,50,78,52,12,14,84,77,55,12,52,52,79,51,51,11,8,5,11,2,7,9,6,53,12,84,64,8
66,61,50,28,44,58,55,54,48,78,23,59,34,45,51,89,81,51,68,68,61,28,48,47,52,57,59,41,48,48,42,34,68,62,60,52,57,59,51,64,44,63,45,28,27,38,78,48,24,50,70,65,49,51,41,47,38,42,52,72
62,36,48,45,53,58,62,55,28,19,33,40,45,46,84,41,39,36,56,43,21,40,13,29,17,31,31,28,45,47,13,19,20,60,24,26,28,20,31,24,34,65,25,50,22,34,45,25,53,17,21,69,24,50,33,44,20,34,20,14
63,50,59,42,72,74,70,89,71,75,73,40,48,48,51,39,36,38,44,75,79,63,82,67,73,86,71,38,42,41,72,71,74,41,80,59,71,58,39,64,69,16,56,66,54,42,55,70,64,66,60,65,66,63,61,76,63,57,59,67
100,100,100,99,99,100,99,99,100,96,100,99,100,100,100,36,34,40,63,83,32,54,53,76,2,2,12,36,26,3,15,28,12,1,1,1,2,24,32,1,2,33,16,1,2,1,2,3,1,1,4,1,2,1,1,2,1,1,4,2
17,1,1,1,2,2,1,42,2,1,1,1,1,1,1,1,13,1,1,1,84,1,1,71,43,34,56,16,46,41,57,56,63,14,76,2,2,1,1,2,2,1,1,40,1,1,57,41,22,9,16,1,15,13,35,1,1,17,31,1
1,66,92,92,89,87,32,98,2,65,2,13,8,84,98,51,61,72,68,1,1,2,35,97,57,54,71,33,10,25,35,76,84,4,64,9,2,6,22,24,11,42,10,11,10,48,56,19,3,7,7,86,2,1,69,25,2,48,29,29
5,1,5,1,4,6,55,51,67,1,1,8,1,64,61,51,55,51,50,57,96,53,48,67,75,85,72,59,67,66,51,81,69,56,75,77,72,92,52,65,69,52,56,59,50,65,80,100,72,71,77,70,76,65,73,66,95,88,68,74
100,63,99,47,33,99,10,91,93,25,83,1,1,31,84,34,30,23,8,74,99,67,68,1,98,14,20,11,10,14,99,99,76,27,100,1,3,1,10,6,70,7,64,73,23,68,72,70,75,25,67,4,35,22,56,1,9,91,100,99
18,35,27,20,25,17,29,24,14,12,14,6,36,32,25,31,22,13,32,45,83,52,18,56,57,61,51,52,24,74,38,71,34,32,44,82,57,63,30,79,74,60,49,9,30,67,64,84,77,56,81,7,45,69,84,51,48,77,86,55
86,21,50,47,58,39,49,51,35,37,29,3,23,68,19,9,4,26,21,22,28,63,27,18,81,33,64,37,12,24,79,62,75,17,78,70,61,70,22,49,47,53,69,48,49,50,52,71,29,99,94,80,91,91,72,8,71,74,74,52
63,17,15,70,27,5,61,64,62,17,7,27,69,69,50,66,18,45,49,30,77,50,29,2,62,66,68,49,48,61,72,71,64,17,72,66,68,69,28,84,65,59,32,63,59,48,64,82,58,53,29,47,66,55,70,18,62,27,55,49
80,32,85,25,19,92,84,74,54,34,52,13,40,55,55,2,1,4,4,100,37,52,3,9,33,29,17,10,6,12,1,26,76,8,47,13,9,5,54,4,3,1,2,6,6,6,5,31,67,93,76,31,80,81,30,1,30,72,63,4
76,14,79,42,26,69,23,70,21,4,71,3,28,10,64,48,17,49,50,12,51,11,71,70,52,50,52,49,52,50,31,38,68,52,51,31,38,50,51,67,54,71,33,51,53,51,66,69,72,89,90,83,66,92,67,34,72,70,50,52
73,84,100,67,91,98,36,63,36,90,77,72,70,53,99,99,30,59,58,2,10,61,60,77,73,24,17,55,60,59,21,3,27,51,62,2,3,1,19,42,34,55,9,20,2,2,2,2,3,2,4,25,2,2,1,1,7,8,2,2
3,50,73,39,99,83,33,50,30,2,76,53,27,52,100,52,2,15,3,3,36,8,10,51,4,3,4,14,2,2,4,2,3,3,5,4,76,100,2,3,44,3,4,75,3,56,2,3,9,2,18,2,3,3,3,3,48,3,2,98
67,69,61,91,63,76,76,78,53,73,26,59,65,59,37,12,4,4,5,61,49,51,36,64,41,31,46,61,80,79,29,29,37,69,38,50,26,40,72,24,28,33,20,58,35,36,39,44,70,50,53,8,29,29,39,21,38,39,41,49
30,57,59,58,70,71,71,56,20,62,62,60,37,7,78,54,9,82,57,4,5,8,57,69,82,53,63,11,9,6,56,63,62,6,67,9,11,6,54,45,14,30,25,53,24,27,54,66,79,98,75,66,67,66,42,9,37,74,83,41
81,80,80,97,96,100,93,97,86,90,65,72,70,91,96,78,4,67,71,81,88,60,83,87,2,60,63,72,77,73,64,64,4,61,2,26,21,16,29,40,76,34,56,12,43,18,21,26,11,97,92,13,95,80,19,21,60,58,67,27
31,54,73,67,60,52,35,55,16,22,33,40,68,77,25,51,55,47,58,65,77,84,70,61,44,85,89,60,64,67,88,63,86,38,52,71,87,82,75,71,82,77,68,82,66,53,60,32,26,61,62,61,65,76,72,30,64,47,34,49
87,99,99,99,100,100,73,94,93,1,99,55,99,86,99,99,2,99,89,55,5,99,14,73,30,2,15,6,37,16,2,8,79,2,21,83,66,95,2,84,60,78,99,73,12,42,2,2,20,98,76,1,14,2,2,23,22,88,42,6
30,90,93,89,85,87,37,95,21,74,82,21,36,41,74,28,20,24,30,35,63,56,67,81,33,55,27,32,26,25,64,62,32,53,6,67,53,60,64,14,27,58,21,68,44,56,10,36,64,60,64,58,62,64,60,59,69,72,75,32
71,70,65,69,54,64,59,61,53,59,65,40,38,54,55,65,39,45,42,59,64,72,64,72,64,57,60,45,47,47,72,64,54,43,62,59,69,68,57,57,50,57,48,70,58,57,55,62,62,53,70,58,55,55,69,41,57,59,57,55
65,52,79,19,64,64,44,49,20,23,29,61,6,63,63,44,29,20,13,53,39,34,19,69,56,61,61,48,51,36,21,82,28,7,66,69,59,59,17,35,32,6,34,38,48,63,51,64,58,57,78,28,33,49,69,46,71,79,76,61
42,3,6,3,21,6,23,6,31,1,2,1,1,83,60,52,49,75,59,56,83,56,49,55,86,88,86,70,67,75,94,79,55,24,85,77,61,63,63,70,70,74,89,91,93,75,54,65,56,53,61,72,66,76,59,56,50,60,58,90
79,79,64,55,99,99,76,91,72,72,99,1,42,67,82,70,1,42,65,2,1,2,20,42,2,60,44,71,56,56,7,2,60,52,2,2,27,42,56,17,14,59,10,91,72,74,69,79,76,99,59,13,57,72,25,29,69,59,37,37
58,35,49,35,53,37,40,56,45,47,33,9,11,58,54,66,52,62,44,61,34,50,1,2,23,14,29,19,18,15,5,52,18,3,31,50,48,37,1,57,46,48,34,8,43,32,20,22,67,51,62,34,30,32,29,6,27,48,46,38
82,99,85,90,98,99,98,99,97,2,58,37,66,85,74,90,43,69,68,72,71,56,6,72,94,99,98,59,85,97,42,90,77,89,95,24,78,68,47,67,74,50,25,44,27,32,43,45,62,1,2,29,4,18,54,13,26,29,11,49
22,8,40,10,5,3,60,81,11,22,66,24,17,90,60,50,45,46,46,82,86,80,71,61,63,54,60,8,43,33,6,93,56,8,60,95,96,88,10,86,55,66,54,71,83,68,65,81,70,84,93,93,76,76,85,48,88,91,98,55
51,53,49,71,19,39,9,74,22,85,100,66,1,18,16,77,17,71,7,79,81,100,79,91,91,100,90,48,51,57,60,67,98,47,93,72,77,67,1,97,97,24,62,1,1,33,78,81,82,10,8,75,14,12,52,5,22,1,7,22
66,59,40,81,99,48,43,89,53,58,60,2,13,90,86,31,10,10,2,63,49,71,1,6,62,75,82,24,37,31,92,44,70,1,62,41,83,72,37,26,77,36,32,99,52,40,66,95,76,41,38,20,19,10,72,75,99,80,56,42
98,96,97,99,99,99,85,85,94,97,77,52,83,86,92,31,8,51,30,60,63,50,57,92,3,6,3,2,20,3,48,2,16,2,2,2,2,1,19,24,5,3,6,8,2,2,13,3,9,18,4,2,5,15,14,2,3,2,2,3
85,1,47,1,1,69,2,70,1,43,92,2,1,70,84,13,16,18,18,62,68,93,1,1,91,89,92,79,78,70,51,96,88,63,93,68,54,52,75,33,38,78,73,59,72,82,54,93,62,86,74,100,38,73,86,9,75,74,57,29
41,6,13,34,62,58,35,62,9,39,39,2,2,10,45,91,86,95,88,35,42,71,44,7,34,10,2,6,52,20,4,19,60,72,11,99,63,63,40,69,23,74,3,12,32,10,16,65,95,87,9,65,46,72,90,79,25,84,95,11
64,51,69,49,23,55,87,48,84,1,74,1,55,76,71,1,20,69,11,74,52,62,83,65,75,54,43,51,75,46,83,68,60,35,59,31,7,64,1,33,8,62,29,1,33,16,16,9,1,68,57,4,1,20,26,29,34,21,7,32
91,57,75,39,39,76,66,86,69,54,80,46,68,2,94,51,26,51,43,1,1,2,39,67,84,63,58,44,38,43,12,38,65,39,54,9,16,23,77,11,28,36,25,38,35,25,44,14,44,53,24,50,5,61,15,57,33,16,40,8
99,99,94,100,99,94,95,80,100,88,75,12,99,96,99,73,76,86,53,82,94,16,92,96,87,72,62,95,90,92,67,100,91,92,95,99,99,98,64,39,94,72,62,97,88,92,76,75,98,90,100,25,100,97,100,93,100,100,99,98
82,70,94,81,79,74,60,67,56,29,68,67,65,30,93,38,19,34,33,76,76,68,81,68,56,69,78,64,72,61,73,76,33,56,74,59,64,59,70,38,62,40,38,73,31,38,65,71,73,68,76,43,74,86,77,57,80,77,61,65
58,73,58,69,54,60,77,65,68,56,61,30,48,58,64,61,49,65,63,61,40,21,30,33,48,52,35,38,45,55,34,33,52,52,48,54,50,56,59,52,54,51,41,57,52,48,59,60,77,56,69,59,61,60,65,51,61,45,43,63
60,65,65,51,62,61,65,69,54,2,54,17,31,35,60,13,23,24,20,62,59,66,40,41,32,32,32,59,11,14,30,57,16,1,56,99,84,74,15,41,12,22,1,89,78,27,63,88,93,96,89,83,99,87,99,68,98,99,98,23
81,61,60,65,59,64,88,60,76,16,53,57,38,58,47,48,3,46,67,43,52,55,53,79,1,69,26,27,9,18,58,4,30,34,4,66,59,52,48,45,53,55,62,59,36,65,40,61,44,67,72,51,56,57,55,34,61,68,58,20
62,12,72,15,36,42,28,74,13,8,1,1,11,70,79,23,35,22,23,78,41,24,18,26,91,87,94,73,53,87,50,70,81,83,95,11,16,25,77,21,22,18,14,59,41,45,94,59,14,73,70,7,77,74,60,61,58,45,36,30
74,58,58,51,79,65,67,63,62,40,59,27,57,69,71,43,42,45,43,64,85,54,35,57,64,61,59,55,45,41,57,61,43,40,61,66,68,72,55,65,68,58,63,61,49,58,63,67,58,62,60,61,60,57,80,66,62,74,70,48
99,1,99,100,99,100,100,96,2,1,50,3,3,2,100,1,3,2,3,2,3,2,48,98,3,1,1,2,1,3,1,100,1,1,1,99,49,99,1,4,2,3,1,48,1,1,1,3,51,49,50,1,49,49,2,49,1,100,100,48
56,70,77,17,77,87,63,71,21,5,56,49,30,93,81,53,40,34,25,20,84,8,79,67,54,66,65,10,19,6,13,71,83,9,71,86,74,69,2,58,88,42,47,18,35,32,50,20,35,83,77,72,73,61,69,60,51,91,65,15
61,73,12,77,14,20,55,51,53,3,78,20,38,2,3,58,50,98,99,97,98,61,98,98,77,47,49,41,62,41,99,63,3,3,3,100,98,100,33,51,99,30,54,99,97,99,99,98,98,99,100,99,99,99,99,100,100,98,100,98
99,100,99,100,99,99,99,99,99,99,100,99,99,78,81,48,53,50,49,50,48,32,85,79,49,51,51,49,48,48,25,50,25,49,51,79,81,84,50,26,51,29,26,49,49,50,49,51,81,82,80,25,83,82,80,83,76,82,78,82
62,72,62,64,67,55,68,65,63,58,51,66,42,58,68,59,44,48,53,72,82,62,51,76,57,63,71,54,33,41,54,66,60,61,67,59,39,71,57,60,56,64,58,51,51,64,63,65,56,68,62,51,75,63,64,61,65,51,52,70
71,41,76,2,34,84,52,27,32,29,38,1,4,41,62,99,100,99,86,60,65,30,19,43,59,36,43,50,44,71,34,74,25,41,67,99,98,99,28,37,2,25,34,68,65,23,1,1,42,26,48,40,29,25,50,25,31,81,91,32
66,61,78,65,42,70,81,97,53,62,62,18,66,70,60,44,8,67,62,29,37,53,70,75,37,24,25,48,67,43,57,14,56,49,60,41,44,58,59,51,57,56,64,63,53,38,66,74,61,77,74,13,60,63,66,81,49,89,83,79
99,98,98,99,99,97,98,99,98,99,99,94,99,82,98,4,2,2,12,5,3,6,3,100,3,3,2,2,2,2,5,4,3,3,2,3,3,2,5,8,2,4,2,5,3,3,2,4,50,3,3,4,4,5,3,4,4,5,99,2
67,9,31,57,60,49,94,62,66,3,4,2,42,67,77,9,24,7,37,11,65,18,29,8,45,7,12,22,16,22,18,34,10,5,30,19,13,14,13,14,54,6,11,47,16,4,4,2,7,56,29,3,27,68,2,3,3,64,70,67
2,2,2,4,3,2,2,8,3,3,2,2,18,3,18,48,50,51,50,3,74,2,18,11,93,85,71,1,17,13,2,96,18,3,92,17,2,9,2,4,6,4,13,2,3,69,1,1,12,16,15,3,5,50,50,3,46,64,73,2
70,3,4,2,8,5,84,56,84,6,5,1,51,10,50,51,5,30,35,1,1,1,27,18,75,78,76,51,63,63,4,61,66,19,65,25,5,11,51,59,51,13,19,51,39,60,62,81,61,65,51,51,51,41,78,11,74,51,42,22
51,49,48,75,86,50,40,76,51,42,49,1,17,7,23,11,7,14,21,10,25,82,91,77,51,10,36,1,7,1,66,68,39,1,11,41,58,66,40,89,55,12,31,63,21,61,1,1,50,64,50,26,51,51,49,32,65,78,84,27
68,94,72,76,2,91,89,99,100,64,81,84,5,66,52,20,26,7,20,91,70,68,71,80,57,51,83,88,9,34,52,92,48,28,78,22,78,100,75,88,86,67,49,24,74,83,80,70,23,78,79,49,74,87,75,50,85,86,90,79
82,71,6,67,88,93,87,79,82,61,79,34,20,16,72,16,4,5,6,76,81,89,83,71,19,17,16,17,39,26,66,33,8,36,26,15,36,24,18,11,2,24,10,60,7,63,9,8,26,42,39,17,21,28,6,13,11,34,66,11
66,2,79,2,74,58,2,82,2,2,1,15,3,3,3,1,1,2,2,22,56,2,48,100,53,49,67,52,52,42,92,14,79,3,22,51,56,53,2,16,19,45,2,2,3,17,28,14,2,66,71,2,58,3,71,2,61,51,31,2
17,6,2,1,2,2,3,3,2,2,1,1,2,49,13,69,41,66,68,3,12,46,54,32,83,81,77,69,53,73,67,92,34,67,75,99,89,98,19,91,83,51,70,87,73,94,68,92,78,74,84,48,82,64,93,77,97,94,96,61
99,99,98,99,71,99,99,98,98,98,98,2,98,99,69,78,63,70,98,75,99,99,99,99,100,90,98,99,99,99,98,99,99,99,99,99,98,100,96,99,100,98,83,99,99,98,99,99,99,98,99,99,98,98,100,99,99,86,99,53
63,67,60,68,24,73,73,84,72,64,49,3,41,64,40,17,5,24,7,26,81,54,56,58,66,55,68,62,51,52,25,38,88,14,55,91,86,65,49,95,75,13,68,66,30,93,22,93,72,94,90,17,74,95,86,95,97,96,97,82
57,23,32,32,7,34,26,57,18,2,33,1,1,61,10,12,23,17,14,3,41,4,12,16,83,60,39,25,27,17,12,68,20,8,86,68,67,84,34,17,27,6,3,61,67,64,53,95,7,85,90,48,81,81,98,24,100,65,74,69
2,50,2,50,2,2,47,50,49,49,49,49,50,99,2,51,52,49,49,99,99,99,49,99,100,99,99,100,99,99,98,99,50,1,99,3,100,99,2,99,99,99,49,2,2,99,97,51,2,2,1,2,2,2,2,99,2,51,47,48
96,97,99,95,96,96,73,96,65,81,94,59,94,45,44,87,59,98,90,96,92,52,93,95,95,93,93,97,78,93,84,94,85,61,95,80,24,50,13,24,90,87,53,50,67,47,35,51,12,60,66,91,93,75,56,67,53,91,83,83
77,2,61,2,69,71,88,99,90,34,74,100,73,56,62,2,4,10,6,99,100,32,98,99,64,57,65,61,10,42,69,66,77,39,67,61,61,54,79,40,20,27,42,59,3,14,64,68,81,38,32,32,33,42,36,9,46,49,66,17
69,12,12,72,9,58,64,93,57,4,87,3,4,51,71,59,15,55,6,26,15,51,26,7,72,52,39,26,48,48,16,39,58,53,22,81,68,84,3,57,71,14,15,47,41,67,33,30,65,52,49,64,80,52,78,70,56,60,86,71
48,2,23,2,10,23,91,65,80,52,1,14,10,42,65,35,28,22,30,67,78,59,49,55,72,69,59,60,43,42,32,63,62,24,74,99,72,97,74,41,71,48,71,73,85,88,84,84,81,76,100,77,67,68,83,62,98,100,98,98
72,83,53,82,62,32,91,91,90,64,82,32,31,80,72,17,15,41,20,89,94,69,69,6,68,44,86,26,7,28,89,75,36,22,93,85,85,84,64,90,76,25,53,87,75,81,84,76,88,56,65,48,33,40,85,42,93,81,68,82
96,100,98,98,97,99,99,99,99,98,99,98,99,96,96,82,74,95,99,10,2,3,69,76,8,7,15,18,29,32,3,9,98,90,4,4,3,3,3,2,82,3,3,1,3,5,5,3,3,2,1,4,2,4,2,2,3,3,3,1
24,22,6,6,5,12,49,36,8,9,5,7,6,63,87,17,30,33,39,24,61,62,2,3,68,80,87,45,50,47,4,86,89,22,75,84,14,61,16,75,81,5,9,19,38,51,75,74,35,79,75,63,61,79,52,6,81,75,84,84
89,93,92,92,94,93,95,91,93,93,94,92,93,93,97,6,3,23,42,8,3,5,7,62,7,7,9,6,8,6,10,8,5,89,6,5,7,2,5,9,4,9,7,4,9,5,9,9,9,5,8,9,12,11,6,72,10,5,8,8
96,97,97,96,85,97,47,90,63,94,70,2,24,98,98,3,6,9,70,29,4,4,86,91,12,6,23,82,42,24,1,4,64,44,8,98,98,99,4,2,4,7,13,32,52,4,51,63,78,17,25,2,24,6,29,4,2,51,51,20
64,27,15,3,33,25,72,66,65,25,62,42,51,50,51,23,33,62,38,45,30,34,60,68,49,38,60,75,63,51,29,61,15,62,62,27,11,42,25,27,35,18,37,33,48,22,26,37,38,25,24,10,26,21,24,31,21,28,27,13
87,39,64,89,86,67,30,100,100,8,8,5,28,84,60,93,81,75,66,86,100,84,38,36,100,100,100,81,14,24,87,100,100,1,100,65,28,1,100,91,100,11,56,100,62,80,100,100,83,100,100,68,32,100,100,8,86,80,94,100
80,99,99,93,99,98,99,98,99,99,98,82,76,50,70,70,76,75,67,1,20,5,63,71,8,23,16,49,50,48,5,20,50,49,25,48,35,24,69,4,50,7,9,4,12,20,10,6,34,13,19,8,22,16,20,4,23,18,9,9
94,99,98,91,96,93,89,98,81,81,98,59,80,27,26,85,6,7,3,65,100,59,62,85,57,47,76,59,26,32,77,78,30,8,31,93,95,73,42,89,85,86,73,74,82,52,61,71,63,23,51,46,79,50,69,38,22,78,78,60
57,1,42,1,53,23,97,44,86,40,2,1,4,56,64,1,1,1,1,24,37,29,64,61,73,17,70,8,7,4,64,43,74,34,74,68,65,75,87,60,67,17,20,82,91,21,32,30,80,1,79,38,75,42,100,70,100,87,91,89
44,67,98,86,96,98,15,69,22,43,91,62,13,33,61,88,79,88,85,52,50,70,99,100,76,68,83,55,57,50,59,86,5,66,72,49,49,44,4,86,66,64,65,75,54,55,54,59,79,92,97,80,97,95,84,92,74,84,96,89
33,12,91,12,9,94,47,35,49,82,3,49,20,94,94,8,7,6,7,60,6,58,92,92,47,50,48,9,14,14,15,11,48,49,49,13,37,37,7,9,7,11,5,10,5,7,9,16,39,50,49,24,39,35,11,7,12,18,27,12
3,10,68,2,2,50,100,70,99,3,3,2,70,70,1,63,77,49,79,71,83,22,76,98,68,50,96,99,72,27,2,100,3,2,94,2,2,81,3,50,76,13,49,3,2,48,48,52,50,49,62,2,49,69,49,1,48,25,33,49
18,3,5,2,26,25,3,9,2,4,3,2,2,3,2,19,10,3,4,26,90,78,52,79,91,83,88,39,56,32,18,96,64,48,91,99,99,99,57,73,47,8,75,91,75,86,83,70,28,71,97,10,89,60,79,18,93,68,91,83
90,31,20,13,53,27,47,74,57,54,30,22,8,63,36,65,41,33,41,70,91,34,81,52,85,73,71,48,51,56,81,92,88,60,81,79,82,80,17,75,74,71,81,80,75,70,85,72,67,67,67,53,69,68,67,37,71,68,64,74
73,15,38,21,41,38,45,55,24,16,10,1,22,7,28,39,11,4,15,42,57,34,8,44,11,20,34,24,35,24,78,34,31,40,10,76,80,78,66,75,41,67,56,55,6,18,32,88,63,93,88,29,53,54,74,65,25,91,96,88
18,45,66,53,57,90,36,47,19,14,31,31,14,11,8,9,14,26,31,62,30,26,20,22,13,11,12,18,4,24,26,11,17,6,30,48,39,38,13,3,21,8,23,9,8,10,17,23,3,13,42,2,19,12,42,5,61,24,18,3
97,94,81,96,99,83,90,100,80,11,21,2,58,61,99,7,30,27,7,53,61,2,68,69,3,3,16,6,6,46,56,8,5,50,7,37,3,10,31,3,23,15,63,32,8,8,4,34,38,9,4,55,20,11,16,36,9,33,42,3
84,28,69,82,63,21,99,99,94,49,13,58,88,8,3,8,2,12,6,28,4,5,14,19,14,8,10,18,24,8,10,10,12,5,12,13,11,17,5,5,10,11,6,12,10,37,4,2,16,10,10,10,12,12,19,24,52,11,6,16
99,98,98,100,98,98,99,99,99,98,99,99,99,98,99,94,23,55,76,99,98,55,89,98,96,98,99,66,30,96,99,56,99,99,89,92,100,98,76,100,98,98,93,98,98,58,60,99,93,93,99,99,98,99,59,19,99,99,98,98
60,12,45,10,19,39,73,86,61,17,33,60,41,58,65,50,45,46,36,98,66,27,98,100,71,55,66,87,54,60,71,72,83,43,66,42,29,31,9,12,30,26,31,18,73,93,37,44,57,57,59,34,64,22,86,15,62,59,50,36
65,42,28,33,8,43,50,11,57,39,55,4,4,28,43,50,17,55,53,33,82,88,48,50,81,51,61,94,57,42,18,55,24,39,67,28,63,73,52,67,78,47,17,45,40,55,54,16,51,30,28,71,37,1,45,42,62,35,25,72
57,73,75,66,65,80,33,65,37,14,56,26,48,62,72,75,74,65,72,76,55,58,73,60,69,70,70,71,62,58,67,64,52,57,74,84,79,65,40,76,73,51,50,55,62,72,66,66,70,54,62,68,64,50,65,70,68,73,63,68
100,93,100,100,100,100,100,100,68,100,99,30,80,70,100,52,1,92,100,63,1,1,75,69,5,9,50,1,16,72,1,1,15,19,49,4,1,11,51,23,29,7,1,10,1,5,1,1,29,1,1,60,11,12,1,3,2,1,1,1
3,1,1,1,1,1,1,1,1,1,1,2,2,44,83,80,8,78,67,1,1,1,1,1,37,48,44,34,28,76,1,95,76,8,42,82,2,55,9,16,88,2,1,42,1,2,16,87,13,60,55,12,58,41,84,59,74,85,76,1
57,67,33,41,89,16,43,94,71,3,56,2,3,26,58,77,51,51,54,3,13,55,52,15,78,21,53,49,32,49,48,87,14,22,61,73,89,55,38,18,21,44,49,88,58,72,61,74,93,73,93,50,52,33,81,10,96,89,89,6
89,88,87,90,72,91,92,90,92,80,83,81,86,82,87,52,48,49,51,67,53,51,53,64,44,26,77,23,31,24,62,24,60,52,43,14,18,19,39,18,25,33,27,13,14,7,14,22,12,26,25,33,24,18,21,26,11,16,26,39
99,100,99,99,99,98,100,99,99,80,88,61,84,99,99,72,72,73,70,75,74,76,77,77,75,70,63,68,75,72,90,57,62,73,62,98,99,100,72,65,74,58,61,76,62,63,77,89,61,98,99,56,98,62,65,59,99,59,61,55
