pic_name,pic_path
Diffuser,EC_0001.jpg
Card Game,EC_0002.jpg
Tumbler,EC_0003.jpg
Whistle,EC_0005.jpg
Charging Cord,EC_0006.jpg
neck pillow,EC_0007.jpg
Air Fryer,EC_0008.jpg
Newton's Cradle,EC_0009.jpg
LED Light strips,EC_0010.jpg
Headphone Adapter,EC_0011.jpg
Bar Cart,EC_0012.jpg
Elliptical,EC_0013.jpg
Body Pillow,EC_0014.jpg
Laundry Hamper,EC_0015.jpg
Electric Kettle,EC_0016.jpg
Cooler,EC_0017.jpg
Mini Blender,EC_0018.jpg
Styling Tool,EC_0019.jpg
Moisterizer,EC_0020.jpg
Face Wash,EC_0022.jpg
Board Game,EC_0024.jpg
Flip Flops,EC_0027.jpg
Board Game,EC_0028.jpg
Board Game,EC_0029.jpg
Instant Pot,EC_0030.jpg
Filtered Water Bottle,EC_0031.jpg
Swiffer WetJet,EC_0032.jpg
Novel,EC_0033.jpeg
Coffee Machine,EC_0034.jpg
Cook Book,EC_0036.jpeg
Snack Basket,EC_0037.jpg
Candle,EC_0038.jpg
Board Game,EC_0039.jpg
Wine Opener,EC_0040.jpg
AirPods,EC_0041.jpg
Fondue Set,EC_0042.jpg
Drawing and Sketch Kit,EC_0044.jpg
Thermos,EC_0046.jpg
Basketball,EC_0047.jpg
Football,EC_0048.jpg
Volleyball,EC_0049.jpg
Water Bottle,EC_0050.jpg
Tool Set,EC_0051.jpg
Beer Steins (4),EC_0053.jpg
Champagne Flutes (12),EC_0054.jpg
Wine Glasses,EC_0055.jpg
Margarita Glass,EC_0056.jpg
Chocolates,EC_0057.jpeg
Gummi Bears,EC_0058.jpg
Lighter,EC_0059.jpg
Gum,EC_0060.jpg
Mini Flashlight,EC_0061.jpg
Flash Drive,EC_0062.jpg
Wireless Phone Charger,EC_0063.jpg
Laptop Sleeve,EC_0064.jpg
Lap Desk,EC_0065.jpg
Backrest Coushion,EC_0066.jpg
Wearable Blanket,EC_0067.jpg
Food Processor,EC_0068.jpg
Teeth Whitening Strips,EC_0069.jpg
Knife Set,EC_0070.jpg
Mop with Bucket,EC_0071.jpg
Gourmet Food Basket,EC_0072.jpg
Chocolates,EC_0073.jpg
Chocolate and Nuts,EC_0074.jpg
Tea Set,EC_0075.jpg
Espresso Beans,EC_0076.jpg
Nuts and Dried Fruit,EC_0077.jpg
Portable Charger,EC_0079.jpg
Sandwich Maker,EC_0080.jpg
Fitness Watch,EC_0081.jpg
Speaker,EC_0082.jpg
Laptop Stand,EC_0083.jpg
Replacable Screwdriver Set,EC_0084.jpg
Plasma Ball,EC_0085.jpg
Desk lamp,EC_0086.jpg
USB Extension,EC_0087.jpg
Wine Rack,EC_0088.jpg
Exercise ball,EC_0089.jpg
Resistance bands,EC_0090.jpg
Tower Set,EC_0092.jpg
First Aid Kit,EC_0093.jpg
Air Mattress,EC_0094.jpg
Water Bottle,EC_0095.jpg
Cordless Vacuum,EC_0096.jpg
Picture Frame,EC_0097.jpg
Pillows,EC_0098.jpg
Laundry Hamper,EC_0099.jpg
Kettle,EC_0100.jpg
Mugs,EC_0101.jpg
Cooler Bag,EC_0102.jpg
Tea Bags Sampler,EC_0103.jpg
Ninja Blender,EC_0104.jpg
Hair Dryer,EC_0105.jpg
Face Moisturizer,EC_0106.jpg
Face Wash,EC_0108.jpg
Duffel Bag,EC_0109.jpg
Bananagrams,EC_0111.jpg
Flip Flops,EC_0113.jpg
Jenga,EC_0115.jpg
Rice Cooker,EC_0116.jpg
Water Filter Pitcher,EC_0117.jpg
Waffle iron,EC_0118.jpg
Water Bottle,EC_0119.jpg
Swiffer,EC_0120.jpg
Pedicure kit,EC_0121.jpg
Book Set,EC_0123.jpeg
Autobiography,EC_0124.jpeg
Picture Book,EC_0125.jpeg
Travel Book,EC_0128.jpeg
Guide Book,EC_0129.jpeg
Reed Diffusers,EC_0131.jpg
Travel Mug,EC_0132.jpg
French Press,EC_0133.jpg
Bartender Kit,EC_0134.jpg
Flashlight,EC_0135.jpg
Record Player,EC_0136.jpg
Office Chair,EC_0137.jpg
Memory Foam Pillow,EC_0138.png
sleeping bag,EC_0139.png
Surgical Masks,EC_0140.jpg
Hand Sanitizer,EC_0141.jpg
Latex Gloves,EC_0142.jpg
Alarm Clock,EC_0147.png
Pet Collar,EC_0148.jpg
Succulents,EC_0149.jpg
Microphone,EC_0150.jpg
Fountain Pen,EC_0151.jpg
Mechanical Pencils,EC_0152.jpg
Notebook,EC_0153.jpg
Legal Pad,EC_0154.jpg
Security Camera,EC_0156.jpg
Computer Monitor,EC_0157.jpg
Lunch Box,EC_0158.jpg
Messenger Bag,EC_0159.jpg
Backpack,EC_0160.jpg
Diapers,EC_0161.jpg
Stroller,EC_0162.jpg
Digital Scale,EC_0163.jpg
Can Opener,EC_0164.jpg
Bottle Opener,EC_0165.jpg
Flatware,EC_0166.jpg
Food Containers,EC_0167.jpg
Microwave,EC_0168.jpeg
Sponge,EC_0169.png
Shower Caddy,EC_0170.jpg
Planner,EC_0171.jpg
Fan,EC_0172.jpg
Bean Bag,EC_0173.jpg
Watch,EC_0174.jpg
Stapler,EC_0176.jpg
Disinfecting Wipes,EC_0177.jpg
Sneakers,EC_0180.jpg
Snow Boots,EC_0181.jpg
Rain Boots,EC_0182.jpg
Duck Boots,EC_0183.jpg
Ashtray,EC_0184.jpg
Grinder,EC_0185.jpg
Martini Glass,EC_0187.jpeg
Fire pit,EC_0188.jpg
Jeans,EC_0193.png
Leggings,EC_0194.jpg
Disposable Camera,EC_0195.jpg
Polaroid Camera,EC_0196.jpg
Trash can,EC_0197.jpg
Duct Tape,EC_0198.jpg
Covid Test,EC_0199.jpg
Thermometer,EC_0200.png
Blood Pressure Cuff,EC_0201.jpg
Bandaids,EC_0202.jpg
Grill,EC_0203.jpg
Golf Balls,EC_0204.jpg
Kindle,EC_0205.jpg
Textbook,EC_0206.png
Tablet,EC_0207.jpg
AC Unit,EC_0209.jpg
Keyboard,EC_0210.jpg
Guitar,EC_0211.jpg
Hair Brush,EC_0213.jpg
Wide Tooth Comb,EC_0214.jpg
Fire TV Stick,EC_0219.jpg
Lip Balm,EC_0221.jpg
Twine,EC_0222.jpg
Chair,EC_0223.jpg
Hand Mixer,EC_0224.jpg
Wipes,EC_0226.jpg
Classic Clog,EC_0227.jpg
Echo Dot,EC_0228.jpg
Reusable Straw Kit,EC_0229.jpg
Bird Feeder,EC_0230.jpg
Lounge Chair,EC_0231.jpg
Inflatable Pool Float,EC_0232.jpg
Kettlebell,EC_0233.jpg
Exercise Mat,EC_0234.jpg
Fishing Rod,EC_0235.jpg
Muffin Baking Pan,EC_0236.jpg
Oven Mitts,EC_0237.jpg
Tissues,EC_0238.jpg
Toiletry Bag,EC_0239.jpg
Eye Mask,EC_0240.jpg
Light Therapy Lamp,EC_0241.jpg
Coffee Pods,EC_0242.jpg
Dart Board,EC_0243.jpg
Ping Pong Set,EC_0244.jpg
Extension Cord,EC_0245.jpg
Peanuts,EC_0246.jpg
KN95 Masks,EC_0247.jpg
Sneakers,EC_0248.jpg
Socks,EC_0249.jpg
Sauce Pan,EC_0250.jpg