Item,community_1,community_2,community_3,community_4,community_5,community_6,community_7,community_8,community_9,community_10,community_11,community_12,community_13,community_14,community_15,community_16,community_17,community_18,community_19,community_20,community_21
ac_unit,0.658,0.007,0.3,0,0.001,0,0,0,0,0.001,0.005,0.007,0.014,0.004,0,0,0,0.001,0,0,0
air_fryer,0.011,0.861,0.006,0,0,0.003,0,0,0,0.012,0.045,0.048,0.01,0.002,0.002,0,0,0,0,0,0
airpods,0.953,0.004,0.004,0,0.006,0.002,0,0,0,0.005,0.007,0.008,0.007,0.002,0,0,0,0,0,0,0
backrest_coushion,0.997,0,0,0,0,0,0,0,0,0,0.002,0,0.001,0,0,0,0,0,0,0,0
bandaids,0,0,0.975,0,0,0,0,0.003,0.001,0.001,0,0.007,0.008,0.004,0,0,0,0.001,0,0,0
bar_cart,0,0,0,1,0,0,0,0,0,0,0,0,0,0,0,0,0,0,0,0,0
bartender_kit,0,0,0,1,0,0,0,0,0,0,0,0,0,0,0,0,0,0,0,0,0
basketball,0,0,0,0,0.959,0,0,0,0,0.015,0.015,0.01,0.001,0,0,0,0,0,0,0,0
bean_bag,0.996,0,0,0,0,0,0,0,0,0,0.002,0.001,0.001,0,0,0,0,0,0,0,0
blood_pressure_cuff,0.003,0,0.91,0,0.046,0,0,0.001,0.001,0.005,0.007,0.007,0.012,0.005,0,0.001,0.001,0,0,0.001,0
board_game,0.001,0.001,0.002,0.002,0.935,0.003,0,0,0,0.02,0.018,0.014,0.004,0,0,0,0,0,0,0,0
body_pillow,0.992,0.003,0,0,0,0,0,0,0,0,0.001,0.002,0.001,0,0,0.001,0,0,0,0,0
can_opener,0.024,0.008,0.898,0,0.025,0,0,0,0.001,0.001,0.009,0.012,0.014,0.006,0.001,0,0,0.001,0,0,0
candle,0.101,0.128,0,0.001,0.001,0.499,0,0,0,0.052,0.145,0.058,0.012,0.003,0,0,0,0,0,0,0
card_game,0.005,0.001,0.002,0.003,0.921,0.005,0,0,0,0.022,0.021,0.016,0.004,0,0,0,0,0,0,0,0
chair,0.996,0,0,0,0,0,0,0,0,0,0.002,0.001,0.001,0,0,0,0,0,0,0,0
champagne_flutes_(12),0,0,0,1,0,0,0,0,0,0,0,0,0,0,0,0,0,0,0,0,0
chocolate_and_nuts,0,0.011,0,0,0,0,0.982,0,0,0.001,0.003,0.003,0,0,0,0,0,0,0,0,0
chocolates,0,0.011,0,0,0,0,0.982,0,0,0.001,0.003,0.003,0,0,0,0,0,0,0,0,0
cordless_vacuum,0.081,0.734,0.01,0,0,0.013,0,0,0.001,0.019,0.079,0.052,0.007,0.003,0,0,0,0,0.001,0,0
covid_test,0,0,0.04,0,0,0,0,0.96,0,0,0,0,0,0,0,0,0,0,0,0,0
dart_board,0.001,0,0.033,0,0.92,0,0,0,0.001,0.016,0.013,0.011,0.005,0,0,0,0,0,0,0,0
desk_lamp,0.992,0,0,0,0,0,0,0,0,0,0.001,0.003,0.003,0.001,0,0,0,0,0,0,0
diapers,0,0,0,0,0.019,0,0,0,0.979,0,0.002,0,0,0,0,0,0,0,0,0,0
diffuser,0.094,0.13,0,0.001,0.001,0.502,0,0,0,0.052,0.145,0.059,0.013,0.003,0,0,0,0,0,0,0
disposable_camera,0.032,0,0.139,0.001,0.703,0,0,0,0.001,0.003,0.082,0.023,0.013,0.001,0,0.001,0,0,0,0.001,0
duct_tape,0,0,0.978,0,0,0,0,0,0.001,0.001,0,0.007,0.008,0.004,0,0,0.001,0,0,0,0
duffel_bag,0.163,0.101,0.008,0,0.006,0.456,0,0,0,0.068,0.138,0.047,0.012,0,0,0.001,0,0,0,0,0
echo_dot,0.973,0.002,0,0,0.003,0.002,0,0,0,0.002,0.006,0.005,0.005,0.002,0,0,0,0,0,0,0
electric_kettle,0.004,0.694,0,0.001,0.001,0.018,0,0,0,0.047,0.159,0.056,0.018,0.001,0.001,0,0,0,0,0,0
elliptical,0.01,0.006,0.007,0,0.24,0.014,0,0,0,0.69,0.019,0.011,0.002,0,0,0.001,0,0,0,0,0
espresso_beans,0,0.633,0,0.005,0.001,0.021,0.046,0,0,0.048,0.164,0.063,0.014,0.003,0.001,0,0,0,0,0,0.001
exercise_mat,0.001,0.002,0.003,0,0.25,0.013,0,0,0,0.703,0.018,0.01,0,0,0,0,0,0,0,0,0
exercise_ball,0.001,0.002,0.001,0,0.25,0.013,0,0,0,0.704,0.018,0.01,0.001,0,0,0,0,0,0,0,0
extension_cord,0.018,0,0.944,0,0,0,0,0,0.001,0.001,0.005,0.012,0.013,0.005,0,0,0,0.001,0,0,0
face_moisturizer,0,0.026,0,0,0,0.625,0,0,0,0.049,0.188,0.09,0.018,0.002,0.002,0,0,0,0,0,0
face_wash,0,0.026,0,0,0,0.625,0,0,0,0.049,0.188,0.09,0.018,0.002,0.002,0,0,0,0,0,0
fan,0.72,0.015,0.233,0,0,0.001,0,0,0,0.001,0.007,0.011,0.009,0.001,0,0,0,0.001,0,0,0
filtered_water_bottle,0.908,0.052,0.006,0,0,0,0.001,0,0,0.003,0.011,0.01,0.005,0.002,0,0.002,0,0,0,0,0
fire_tv_stick,0.969,0.002,0,0,0.003,0.002,0,0,0,0.002,0.008,0.006,0.006,0.002,0,0,0,0,0,0,0
first_aid_kit,0,0,0.978,0,0,0,0,0,0.001,0.001,0,0.007,0.008,0.004,0,0,0.001,0,0,0,0
fishing_rod,0,0,0.014,0,0.944,0,0,0,0,0.016,0.015,0.009,0.001,0,0,0,0,0,0.001,0,0
flash_drive,0.036,0.003,0.918,0,0.002,0,0,0,0.001,0.001,0.005,0.011,0.015,0.006,0,0,0.001,0.001,0,0,0
flashlight,0.022,0,0.939,0,0.002,0,0,0,0.001,0.001,0.005,0.013,0.011,0.004,0.001,0,0,0.001,0,0,0
flatware,0.041,0.004,0.881,0,0.027,0,0,0,0.001,0.001,0.009,0.014,0.014,0.006,0.001,0,0,0.001,0,0,0
food_containers,0.016,0.819,0.017,0,0,0.008,0,0,0,0.015,0.057,0.054,0.01,0.002,0.002,0,0,0,0,0,0
food_processor,0.01,0.862,0.006,0,0,0.003,0,0,0,0.012,0.045,0.048,0.01,0.002,0.002,0,0,0,0,0,0
football,0,0,0,0,0.959,0,0,0,0,0.015,0.015,0.01,0.001,0,0,0,0,0,0,0,0
french_press,0,0.655,0,0.005,0.001,0.022,0.02,0,0,0.049,0.165,0.064,0.014,0.003,0.001,0,0,0,0,0,0.001
golf_balls,0,0,0,0,0.96,0,0,0,0,0.015,0.015,0.009,0.001,0,0,0,0,0,0,0,0
gourmet_food_basket,0,0.019,0,0,0,0,0.966,0,0,0.002,0.005,0.005,0.002,0.001,0,0,0,0,0,0,0
guitar,0.017,0,0.148,0,0.713,0,0,0,0.001,0.002,0.08,0.023,0.013,0.001,0.001,0.001,0,0,0,0,0
hair_brush,0.007,0.095,0.001,0,0,0.635,0,0,0.001,0.055,0.145,0.051,0.01,0,0,0,0,0,0,0,0
hair_dryer,0.004,0.096,0,0,0,0.638,0,0,0.001,0.055,0.145,0.051,0.01,0,0,0,0,0,0,0,0
hand_mixer,0.007,0.83,0.036,0,0,0.005,0,0,0,0.012,0.046,0.049,0.011,0.002,0.002,0,0,0,0,0,0
hand_sanitizer,0,0,0.463,0,0,0,0,0.529,0,0.001,0,0.004,0.001,0.002,0,0,0,0,0,0,0
headphone_adapter,0.015,0,0.93,0,0.017,0,0,0,0.001,0.001,0.007,0.009,0.013,0.004,0,0.001,0.001,0.001,0,0,0
instant_pot,0.01,0.861,0.007,0,0,0.003,0,0,0,0.012,0.045,0.048,0.01,0.002,0.002,0,0,0,0,0,0
jenga,0.001,0.001,0.002,0.002,0.935,0.003,0,0,0,0.02,0.018,0.014,0.004,0,0,0,0,0,0,0,0
kn95_masks,0,0,0.04,0,0,0,0,0.96,0,0,0,0,0,0,0,0,0,0,0,0,0
kettle,0,0.686,0,0.002,0.001,0.022,0,0,0,0.049,0.163,0.058,0.017,0.001,0.001,0,0,0,0,0,0
kettlebell,0.001,0.002,0.001,0,0.25,0.013,0,0,0,0.704,0.018,0.01,0.001,0,0,0,0,0,0,0,0
keyboard,0.017,0,0.148,0,0.713,0,0,0,0.001,0.002,0.08,0.023,0.013,0.001,0.001,0.001,0,0,0,0,0
kindle,0.916,0.009,0.002,0,0.002,0.009,0,0,0,0.01,0.02,0.016,0.013,0.002,0,0,0,0,0,0,0
lap_desk,0.987,0.001,0.001,0,0,0.001,0,0,0,0.001,0.003,0.003,0.002,0,0,0.001,0,0,0,0,0
laptop_sleeve,0.988,0,0.001,0,0,0.002,0,0,0,0,0.001,0.004,0.003,0,0,0.001,0,0,0,0,0
laptop_stand,0.995,0,0,0,0,0,0,0,0,0,0.002,0.001,0.001,0,0,0.001,0,0,0,0,0
latex_gloves,0,0,0.698,0,0,0,0,0.283,0.001,0.002,0,0.005,0.005,0.004,0,0,0.001,0,0,0.001,0
legal_pad,0,0,0.965,0,0.001,0.002,0,0,0,0.007,0.01,0.009,0.005,0,0,0,0,0.001,0,0,0
leggings,0.004,0.096,0,0,0,0.638,0,0,0.001,0.055,0.145,0.051,0.01,0,0,0,0,0,0,0,0
lip_balm,0.008,0.098,0.001,0,0,0.611,0,0,0,0.055,0.154,0.06,0.012,0.001,0,0,0,0,0,0,0
lounge_chair,0.995,0,0,0,0,0,0,0,0,0,0.003,0.001,0.001,0,0,0,0,0,0,0,0
margarita_glass,0,0,0,0.997,0.001,0,0,0,0,0,0.001,0.001,0,0,0,0,0,0,0,0,0
martini_glass,0,0,0,1,0,0,0,0,0,0,0,0,0,0,0,0,0,0,0,0,0
memory_foam_pillow,0.991,0.004,0,0,0,0,0,0,0,0,0.001,0.002,0.001,0,0,0.001,0,0,0,0,0
microphone,0.016,0,0.158,0,0.707,0,0,0,0.001,0.002,0.078,0.021,0.013,0.001,0.001,0.001,0,0,0.001,0,0
mini_blender,0.167,0.72,0.004,0,0,0.003,0,0,0,0.009,0.042,0.042,0.009,0.002,0.002,0,0,0,0,0,0
mini_flashlight,0.022,0,0.939,0,0.002,0,0,0,0.001,0.001,0.005,0.013,0.011,0.004,0.001,0,0,0.001,0,0,0
moisterizer,0,0.026,0,0,0,0.625,0,0,0,0.049,0.188,0.09,0.018,0.002,0.002,0,0,0,0,0,0
muffin_baking_pan,0.011,0.817,0.017,0,0,0.012,0,0,0,0.014,0.061,0.051,0.013,0.002,0.002,0,0,0,0,0,0
ninja_blender,0.01,0.862,0.006,0,0,0.003,0,0,0,0.012,0.045,0.048,0.01,0.002,0.002,0,0,0,0,0,0
notebook,0,0,0.963,0,0.001,0.003,0,0,0,0.007,0.01,0.01,0.005,0,0,0,0,0.001,0,0,0
nuts_and_dried_fruit,0.003,0.093,0.002,0,0,0.001,0.855,0,0,0.005,0.013,0.022,0.005,0.001,0,0,0,0,0,0,0
office_chair,0.885,0.006,0.085,0,0,0,0,0,0.001,0.001,0.005,0.005,0.008,0.002,0,0.001,0,0,0,0,0
pedicure_kit,0.005,0.097,0,0,0,0.636,0,0,0.001,0.055,0.145,0.051,0.01,0,0,0,0,0,0,0,0
pillows,0.993,0.002,0,0,0,0,0,0,0,0,0.001,0.002,0.001,0,0,0.001,0,0,0,0,0
ping_pong_set,0,0,0,0,0.96,0,0,0,0,0.015,0.015,0.009,0.001,0,0,0,0,0,0,0,0
planner,0,0,0.963,0,0.001,0.003,0,0,0,0.007,0.01,0.01,0.005,0,0,0,0,0.001,0,0,0
portable_charger,0.968,0.005,0.012,0,0,0,0,0,0,0,0.003,0.004,0.007,0.001,0,0,0,0,0,0,0
record_player,0.024,0,0.144,0,0.71,0,0,0,0.001,0.002,0.08,0.023,0.013,0.001,0,0.001,0,0,0,0.001,0
reed_diffusers,0.094,0.13,0,0.001,0.001,0.502,0,0,0,0.052,0.145,0.059,0.013,0.003,0,0,0,0,0,0,0
replacable_screwdriver_set,0,0.011,0.958,0,0,0,0,0,0.001,0.002,0.005,0.01,0.008,0.004,0,0,0.001,0,0,0,0
resistance_bands,0.001,0.002,0.001,0,0.25,0.013,0,0,0,0.704,0.018,0.01,0.001,0,0,0,0,0,0,0,0
rice_cooker,0.007,0.847,0.022,0,0,0.003,0,0,0,0.013,0.047,0.047,0.01,0.002,0.002,0,0,0,0,0,0
sandwich_maker,0.972,0.005,0.004,0,0.003,0.001,0,0,0,0.001,0.005,0.003,0.004,0.001,0,0,0,0,0.001,0,0
security_camera,0.835,0.004,0.126,0,0,0.003,0,0,0.001,0.003,0.007,0.009,0.007,0.004,0,0,0,0,0,0,0
snack_basket,0,0.011,0,0,0,0,0.982,0,0,0.001,0.003,0.003,0,0,0,0,0,0,0,0,0
sneakers,0.938,0.001,0.047,0,0,0,0,0,0,0,0.003,0.001,0.007,0.002,0,0.001,0,0,0,0,0
speaker,0.975,0.001,0.003,0,0.001,0.001,0,0,0,0.001,0.004,0.006,0.006,0.002,0,0,0,0,0,0,0
stapler,0.009,0.001,0.909,0,0.039,0,0,0,0.001,0.001,0.008,0.012,0.013,0.005,0,0,0,0.001,0.001,0,0
stroller,0,0,0,0,0.019,0,0,0,0.979,0,0.002,0,0,0,0,0,0,0,0,0,0
styling_tool,0.004,0.096,0,0,0,0.638,0,0,0.001,0.055,0.145,0.051,0.01,0,0,0,0,0,0,0,0
succulents,0.034,0.228,0.003,0,0.002,0.44,0,0,0,0.05,0.152,0.073,0.017,0,0.001,0,0,0,0,0,0
surgical_masks,0,0,0.04,0,0,0,0,0.96,0,0,0,0,0,0,0,0,0,0,0,0,0
swiffer,0.067,0.746,0.009,0,0,0.014,0,0,0.001,0.019,0.078,0.054,0.008,0.003,0,0,0,0,0.001,0,0
swiffer_wetjet,0.067,0.746,0.009,0,0,0.014,0,0,0.001,0.019,0.078,0.054,0.008,0.003,0,0,0,0,0.001,0,0
tablet,0.98,0.007,0.001,0,0,0,0,0,0,0,0.003,0.003,0.005,0.001,0,0,0,0,0,0,0
tea_bags_sampler,0,0.687,0,0.002,0.001,0.022,0,0,0,0.048,0.163,0.058,0.017,0.001,0.001,0,0,0,0,0,0
tea_set,0,0.686,0,0.002,0.001,0.022,0,0,0,0.049,0.163,0.058,0.017,0.001,0.001,0,0,0,0,0,0
thermometer,0.017,0.002,0.938,0,0.002,0,0,0.001,0.001,0.002,0.006,0.008,0.014,0.006,0,0.001,0.001,0,0,0.001,0
tool_set,0,0.011,0.958,0,0,0,0,0,0.001,0.002,0.005,0.01,0.008,0.004,0,0,0.001,0,0,0,0
twine,0,0,0.975,0,0.001,0,0,0,0.001,0.002,0.001,0.007,0.008,0.004,0,0,0.001,0,0,0,0
usb_extension,0.038,0.003,0.916,0,0.002,0,0,0,0.001,0.001,0.005,0.011,0.015,0.006,0,0,0.001,0.001,0,0,0
volleyball,0,0,0,0,0.959,0,0,0,0,0.015,0.015,0.01,0.001,0,0,0,0,0,0,0,0
water_bottle,0.958,0.007,0.012,0,0.001,0,0,0,0,0,0.007,0.004,0.007,0.002,0,0.002,0,0,0,0,0
water_filter_pitcher,0.891,0.06,0.007,0,0,0.001,0,0,0,0.003,0.011,0.018,0.005,0.002,0,0.002,0,0,0,0,0
whistle,0,0,0.09,0,0.855,0,0,0,0,0.014,0.021,0.01,0.007,0.002,0,0,0,0,0.001,0,0
wide_tooth_comb,0.012,0.093,0.026,0,0.002,0.612,0,0,0.001,0.05,0.144,0.05,0.01,0,0,0,0,0,0,0,0
wine_glasses,0,0,0,1,0,0,0,0,0,0,0,0,0,0,0,0,0,0,0,0,0
wine_opener,0,0,0,1,0,0,0,0,0,0,0,0,0,0,0,0,0,0,0,0,0
wine_rack,0,0,0,1,0,0,0,0,0,0,0,0,0,0,0,0,0,0,0,0,0
wipes,0,0,0,0,0.019,0,0,0,0.979,0,0.002,0,0,0,0,0,0,0,0,0,0
wireless_phone_charger,0.99,0,0,0,0,0,0,0,0,0,0.002,0.003,0.004,0.001,0,0,0,0,0,0,0
neck_pillow,0.996,0,0,0,0,0,0,0,0,0,0.002,0.001,0.001,0,0,0,0,0,0,0,0
