Name,degree,strength,eigen,weighted_transitivity,closeness,betweenness,snack_type,PCA1,PCA2,PCA3,PCA4,PCA5,PCA6,PCA7
100grandsmall,0.2222222222222222,0.641630165991734,0.6571494575271837,0.4339512581224921,0.4477300670164372,0.12121212121212122,1,-2.4210956370875985,1.2764613556910582,-0.1062872537181171,-1.7085362125499135,0.36538955908894954,0,0
3musketeers,0.2,0.23295534850909952,0.674740778422921,0.5375790733270269,0.4206580756767526,0.04242424242424243,2,-0.46207078300354426,0.4871866936659997,-2.219612328302626,-0.28788847507291965,0.047585314024800165,0,0
almondjoy,0.2222222222222222,0.48977372540662173,0.8706678796032699,0.5219646765423107,0.396467390758714,0.024242424242424242,3,-0.866359938122724,-0.5850812706709999,-1.251356758656329,0.6499080523324828,0.4618152175550204,0,0
animalcrackers,0.1111111111111111,0.7265787979115648,0.2785950835958426,0.4665085950928294,0.30724025885106593,0.00202020202020202,1,2.919304908235143,-0.4063348033530607,0.7957045321216333,-0.6399698235429462,0.33718177397137333,0,0
butterfinger,0.24444444444444444,0.7899877140705648,0.7686795092568542,0.22753459348475305,0.47058166901755655,0.09191919191919191,3,-2.892469478643707,1.7670284428780527,0.9890986955348006,-0.0028100692173312373,-0.08457731438181447,0,0
cheesydoritos,0.2222222222222222,0.5837806336611318,0.7148356065952124,0.4458023652407991,0.46479555764342023,0.08383838383838384,2,-2.185892544913617,0.911861522487918,-0.5671434923116251,-0.799759250153382,-0.2979037622349447,0,0
cheetos,0.08888888888888889,0.35705225576926375,0.2568522034377364,0.3073304774832796,0.388475707908368,0.013131313131313131,4,2.451177153592217,1.9359389121175505,-0.41469315478402274,-0.26542978910716486,-0.7800050280845414,0,0
chipsahoysmall,0.17777777777777778,1.1141910144296423,0.5490486373953304,0.44905433436678033,0.3769116991333725,0.024242424242424242,1,0.08974817461307755,-0.9984784565618475,1.9863183871730208,-0.3167909788744746,-0.2630886996066609,0,0
chocolatemm,0.24444444444444444,0.5874596551434199,0.7155702178250692,0.37037556780290976,0.40249727613129455,0.03939393939393939,2,-1.0748679079760528,0.4291527717905627,-0.14969804968616476,0.5242546842009881,0.533369778671039,0,0
doritosranch,0.17777777777777778,0.52264544198071194,0.6169625139478608,0.45293483276824575,0.39622173471311095,0.007070707070707071,2,0.4541292764877147,-9.55172652916831e-4,-0.641510846565284,0.45172239093905836,-0.2816726386041934,0,0
dotsone,0.17777777777777778,0.41507546609490253,0.6724973865966151,0.4731264137876695,0.42059104953017756,0.020202020202020204,2,-0.057478844082074584,0.31376696237207957,-1.2761418295335933,0.27982068197865834,-0.44538928883214357,0,0
famousamossmall,0.15555555555555556,0.8346691947610287,0.43613632735416413,0.4394008652262874,0.34295078399708046,0.01919191919191919,1,1.3120551612814468,-0.40812711642096056,1.0850252211815352,-0.4056552068217789,0.27208489755580595,0,0
fignewtonsmall,0.17777777777777778,1.1012094263360113,0.4612397622848609,0.4590980152106193,0.340032771135633,0.00404040404040404,1,1.0262757068179966,-1.3569993105365743,2.0803029912049364,-0.14281252537339706,0.08102698195228197,0,0
funyunssmall,0.13333333333333333,0.5168313050031547,0.338355875219253,0.35718008641634486,0.3482735576722277,0.01818181818181818,1,2.0266049334525604,0.9239241001143448,0.13628957632716074,-0.26154467219491245,0.23168404861430708,0,0
goldfish,0.2222222222222222,0.8626560899352187,0.5738727793944756,0.3477551496132632,0.4160731915644421,0.06363636363636363,1,-1.2240286405362397,0.5985727363367126,1.2086251655205513,-0.46674333225612324,0.06524090142130522,0,0
granolabar,0.1111111111111111,0.6955949322317689,0.263923150390954,0.4735137557487362,0.29753522912348285,0,1,3.1222057240252403,-0.44226232892905587,0.6877435399284196,-0.6459146656818371,0.49563001576945365,0,0
kitkatsmall,0.13333333333333333,0.6840829866696736,0.4091203033483492,0.5705755678126029,0.3569812688389075,0.00101010101010101,1,1.8261481605785645,-0.9076498649093809,-0.048411079618458926,-0.6146771082826831,-0.37034224400133503,0,0
laysclassic,0.2,0.504805539626312,0.7840659993191917,0.6371525005619019,0.3629503128296788,0.00909090909090909,3,0.15951484034707758,-1.472003818513957,-1.414742328355178,0.23407110598443231,0.5564579915015939,0,0
milano,0.17777777777777778,0.7432809849337761,0.7157802700905294,0.569370432303959,0.3671526065520123,0.00101010101010101,3,0.4294838519063961,-1.4746953478806886,-0.148709229926767,0.3143488834095007,0.032090910917145825,0,0
milkyway,0.24444444444444444,0.9583843935156127,0.950765892267708,0.4726984203206016,0.4462515609722976,0.0797979797979798,3,-3.059171873097927,-0.5024677773874321,0.7030840774592527,-0.2691185877398559,0.09790989311238091,0,0
mrgoodbar,0.2222222222222222,0.5337110449735882,0.6475277280558571,0.37032772625489224,0.4278921921854825,0.049494949494949494,1,-1.059587671778609,0.9429314697606082,-0.3725541360705798,0.07362524610114829,0.004944323490462679,0,0
nutterbutter,0.2222222222222222,0.8381428394413152,0.6191540893709837,0.49035532165347867,0.4069490902469854,0.05656565656565657,1,-1.1237104415059709,-0.3750313189650956,0.5809775784467828,-0.7348229029676333,0.10171950380658858,0,0
payday,0.24444444444444444,0.5358048120988195,0.8114146874156974,0.30883672859978256,0.4862974319095784,0.12727272727272726,2,-3.4638897363425065,2.2465085062379044,-0.38669178021319134,-0.8457618754302653,0.2291277420633647,0,0
peanutmms,0.2222222222222222,0.6504538539885933,0.7856815929799665,0.3741866647879492,0.4513772125395839,0.031313131313131314,2,-1.5167396060724478,0.4330282479727972,-0.15594812511507666,0.7494519292836203,-0.5835529697379113,0,0
poptartscinnamon,0.2222222222222222,0.7986200396300753,0.574979612421121,0.44033156433316634,0.38484850453227143,0.020202020202020204,1,-0.20889862741076326,-0.48754935607937633,0.6526670427703025,0.1320631182402794,0.10051023601976858,0,0
poptartsstrawberry,0.2,0.7718550668356335,0.5253280671835178,0.5052674821450399,0.36083216991593536,0.00404040404040404,1,0.6720098796356653,-0.9994245224538507,0.41951666282147115,0.04441373508094369,0.1262381927637451,0,0
pringlesred,0.24444444444444444,0.8079645119269296,0.7883918332881,0.41809633179487077,0.4280347237721869,0.03838383838383838,2,-1.7313731011870523,-0.2610989249128336,0.4326852230123074,0.44891320635722626,-0.08632695162817959,0,0
riprolls,0.2,0.6093763168823536,0.6170153431229609,0.3128517996612324,0.4290548196264693,0.05858585858585859,1,-0.9482407973776202,1.3477522661025898,0.18284272379675753,-0.07423897038806256,-0.09021216465061743,0,0
ritzbitz2,0.17777777777777778,0.9073929768864146,0.8003404414630199,0.6562371749612279,0.3634037478731704,0.00202020202020202,3,0.09958425891309441,-2.42675405717045,0.15393108255595672,0.11564596007942597,0.010142410709059215,0,0
skittles,0.2222222222222222,0.6913563921124624,0.8018844957146095,0.4303590916658171,0.4462292701695676,0.03737373737373737,2,-1.6234615106750063,0.043530687546853394,-0.1721601377786461,0.43321409877789574,-0.4760749067247521,0,0
snickers,0.1111111111111111,0.6493168005770139,0.3533720856554591,0.24323836068129545,0.3755231317053629,0.006060606060606061,4,1.9789546303903995,1.3837641328063808,0.9532730000505624,0.33925321689606314,-0.5484052722448727,0,0
sourpatch,0.24444444444444444,0.9796879405875657,1,0.3865201489035642,0.45232364575275075,0.052525252525252523,3,-2.876548052847898,-0.3815481500413252,0.9754748521521547,0.7576015840757149,-0.2266310350188498,0,0
twinkie,0.2,0.7587463554529096,0.5634391310279928,0.4911652490725439,0.38306634104796694,0.00101010101010101,1,0.3765814388650015,-0.8525213578401502,0.2944274014473142,0.2589452247362533,-0.2580670505928408,0,0
twix,0.15555555555555556,0.8137343515180073,0.5424101805495988,0.21926898357423963,0.36705537522626835,0.015151515151515152,4,0.869972300265775,0.8840434374728923,1.5687608384383538,0.8150118889649534,0.10688274253983862,0,0
cheesepeanutbuttercrackers,0.15555555555555556,0.4986068398379653,0.6200178451724434,0.5603367861450596,0.3700250473640666,0.00909090909090909,3,0.9685522816375338,-0.6312567109891997,-1.0289215415653596,-0.04061198651462531,0.02761774506807325,0,0
crunch,0.15555555555555556,0.4010420372397018,0.5106775648362476,0.5822251417329062,0.359904281045498,0,2,1.5643269900297991,-0.591752463375259,-1.3766527205090695,-0.1818411361032399,0.035414227445306506,0,0
ghirardellidarkchocolatesquares,0.13333333333333333,0.33910828275256905,0.45854162554042266,0.6575821319655543,0.36783066305531525,0.00202020202020202,2,1.8555849134270646,-0.7103548230179717,-1.8675513833687745,-0.7000656125698038,-0.30258106205865803,0,0
grapenerds,0.2222222222222222,0.6663623126284108,0.8748995317429987,0.44606323413971805,0.4037369760161684,0.045454545454545456,3,-1.4044865937306736,-0.2163536048806612,-0.24867621693101166,0.4319388564311197,0.5105660535113379,0,0
laffytaffysourapple,0.17777777777777778,0.8018681683369592,0.6148166409190267,0.5700610578667467,0.3817991462783533,0.006060606060606061,2,0.3859286137648285,-1.3412168491087073,0.15498169276327786,-0.09817942715888195,-0.3499595269801715,0,0
lifesavergummies,0.15555555555555556,0.6945459178456763,0.5422620371758614,0.6013148022807951,0.3895592925701649,0.00909090909090909,2,0.7590175802818896,-1.0733032807462044,-0.3463046091542691,-0.5019848891310648,-0.6229445689953441,0,0
powdereddonuts,0.2,0.5087477263769411,0.7886467865357177,0.43439774570764905,0.40708344830627846,0.023232323232323233,3,-0.5436416805473913,0.10560422585244056,-0.820948615521425,0.7114203221610355,0.07766862839768204,0,0
redhots,0.2,0.7453803563456668,0.7508622832004255,0.35291255102703323,0.38635658011677126,0.022222222222222223,3,-0.3938446985914161,0.02907907748665257,0.5516861770985544,0.8578308238566122,0.2903119134611227,0,0
skittlesdesserts,0.15555555555555556,0.580391914851031,0.5382024810722704,0.3921645022779862,0.38217046970105906,0.007070707070707071,2,1.003661552500934,0.3306632316958966,-0.06214835373205304,0.39339693689130983,-0.24195796114477075,0,0
skittleswildberry,0.24444444444444444,0.5996992517008286,0.9343320543121654,0.5324581620212532,0.42032247386609267,0.045454545454545456,3,-1.9308084894339168,-0.6442887470647418,-0.9430534611945731,0.3413460850217856,0.38513418431704904,0,0
starburst,0.13333333333333333,0.5831515125956085,0.5754184175161893,0.5620719714930607,0.33962034534188995,0,3,1.721502966260722,-0.9544795625476477,-0.5520646830722252,-0.06166672234665736,0.22997076498910204,0,0
reesespeanutbuttercup,0.022222222222222223,0.08809284746295895,0.0871679050162298,0,0.3049644192576193,0,3,4.996341357654646,4.111190216621087,-0.02143434612074267,0.708626187678405,0.4959764927846304,0,0
