stimulus,item_name,correlation
nr1.png,3musketeers,1
nr10.png,cheetos,0.9999999999999998
nr100.png,riesen,1
nr101.png,tootsierollpopsourapple,0.9999999999999998
nr102.png,tootsierollpopcherry,1
nr106.png,grandmasstrawberrycookies,1
nr107.png,grandmasvanillacookies,1
nr109.png,reesepieces,1
nr11.png,chipsahoysmall,0.9999999999999999
nr111.png,rittersportmilkhazelnut,1
nr112.png,rittersportraisinhazelnut,0.9999999999999998
nr113.png,rittersportmilk,1
nr114.png,rittersportmilkalmond,0.9999999999999999
nr12.png,chocolatemm,1
nr120.png,laffytaffysourapple,0.9999999999999998
nr121.png,laffytaffystrawberry,1
nr124.png,laffytaffybanana,0.9999999999999998
nr125.png,chocolatdonuts,1
nr14.png,cornpops,0.9999999999999999
nr15.png,crunch,1
nr18.png,doritosranch,1
nr19.png,dotsone,1
nr2.png,100grandsmall,0.9999999999999999
nr20.png,famousamossmall,1
nr21.png,fignewtonsmall,1
nr27.png,funyunssmall,1
nr28.png,ghirardellimilk,1
nr29.png,goldfish,0.8894167077540723
nr3.png,almondjoy,1
nr30.png,granolabar,0.9999999999999999
nr31.png,grapenerds,0.9999999999999999
nr39.png,kitkatsmall,1
nr4.png,animalcrackers,1
nr41.png,laysclassic,1
nr42.png,milano,0.9999999999999998
nr44.png,milkyway,1
nr45.png,mrgoodbar,1
nr46.png,nutterbutter,1
nr48.png,payday,1
nr49.png,NA,NA
nr50.png,poptartscinnamon,1
nr51.png,poptartsstrawberry,0.9999999999999999
nr52.png,powdereddonuts,1
nr53.png,pringles,1
nr54.png,pringlescheezums,1
nr55.png,pringlesred,1
nr56.png,redvinesbig,0.9999999999999999
nr57.png,riprolls,0.9999999999999998
nr58.png,ritzbitz2,1
nr60.png,skittles,1
nr62.png,snickers,1
nr63.png,sourpatch,1
nr65.png,starburst,1
nr69.png,teddygrahamshoney,1
nr7.png,butterfinger,1
nr72.png,tootsierolls,1
nr74.png,twinkie,0.9999999999999998
nr75.png,twix,1
nr76.png,wheatthins,1
nr79.png,fudgebrownieswalnut,1
nr8.png,cheesepeanutbuttercrackers,1
nr80.png,ghirardellidarkchocolatesquares,1
nr81.png,ghirardelliwhite,1
nr83.png,NA,NA
nr84.png,goldfishpretzel,1
nr85.png,hersheykissesdark,1
nr87.png,lifesavergummies,1
nr88.png,peanutmms,0.9190770781394209
nr89.png,mentosfruit,1
nr9.png,cheesydoritos,1
nr90.png,mentosgreenapple,1
nr91.png,mentosstrawberry,1
nr92.png,milanomintchocolate,1
nr93.png,pringlesbbq,1
nr94.png,redhots,1
nr95.png,reesespeanutbuttercup,1
nr96.png,rolomini,1
nr97.png,skittleswildberry,0.9999999999999999
nr98.png,skittlesdesserts,1
nr99.png,keeblertriplechocolate,1
